1,Angélica Ibañez Manrique,Bicicleta,true
2,Felisa Nayara Mateu Antúnez,Bicicleta,false
3,Eva María Estrella Perea Aller,Moto,false
4,Edelmira Porcel,Moto,true
5,Albina del Rosado,Auto,false
6,Caridad Adán Valverde,Bicicleta,true
7,Luis Ángel Aragonés Lobato,Moto,false
8,Régulo Dominguez Aguiló,Moto,false
9,Anabel Egea Tolosa,Moto,false
10,Carolina Azahar Bru Fiol,Bicicleta,false
11,Galo Roig Benito,Bicicleta,false
12,Carmina Lloret,Auto,false
13,Jose Carlos Pinto Bernal,Auto,false
14,Candela de Valle,Auto,false
15,Vidal Perelló Machado,Auto,false
16,Enrique Pagès Domínguez,Moto,false
17,Amador Paniagua Barrera,Auto,true
18,María Teresa Artigas García,Bicicleta,false
19,Armando Castillo,Auto,true
20,Ezequiel de Luque,Auto,false
21,Edelmiro Artemio Carvajal Catalán,Bicicleta,false
22,Mauricio Cabañas Galvez,Bicicleta,false
23,Carina Ortuño,Moto,true
24,Aarón Portero Luna,Auto,false
25,África Cortés-Castañeda,Moto,true
26,Heraclio Cáceres Iriarte,Bicicleta,false
27,Zaida Canals Benavides,Bicicleta,false
28,Eric Millán Pera,Bicicleta,false
29,Ignacio Acedo,Moto,false
30,Brunilda Sánchez Osorio,Bicicleta,false
31,Nando Lorenzo Gascón,Auto,true
32,Adoración Alemán Estevez,Bicicleta,false
33,Alejandro Luís Oliver,Bicicleta,true
34,Ángela Balaguer-Rodríguez,Auto,true
35,Felix Rebollo-Exposito,Auto,true
36,Salud Macias Catalán,Bicicleta,true
37,Bernardino Noriega Bastida,Bicicleta,false
38,Fátima del Martí,Bicicleta,true
39,Hernán Jacobo Machado Cerezo,Bicicleta,false
40,Nando del Nogueira,Auto,true
41,Evangelina Montoya-Conesa,Bicicleta,true
42,Lupe Calvet Laguna,Auto,true
43,Quirino Vélez Azcona,Auto,true
44,Jose Francisco Mayoral Tormo,Moto,false
45,Abilio Moya Pardo,Bicicleta,true
46,Pío Gomila Toro,Auto,false
47,Adela Ojeda Batlle,Bicicleta,true
48,Cesar Revilla,Bicicleta,true
49,Carmela España Torre,Auto,true
50,Maxi Carbajo Sandoval,Auto,false
51,Albino Evaristo Jiménez Cámara,Bicicleta,true
52,Macario Chico Mosquera,Bicicleta,true
53,Juliana Gisbert,Auto,false
54,Rafael Solera,Moto,true
55,Ascensión Trujillo Rosado,Auto,true
56,Josefa Bello Iñiguez,Auto,false
57,Yaiza Frías Amorós,Bicicleta,true
58,Valerio Águila Otero,Moto,true
59,Agustín Bellido,Auto,true
60,Geraldo Solé Alegre,Auto,true
61,Josefa Olivera Esparza,Moto,true
62,Manu Cerdán Crespo,Bicicleta,true
63,Abilio Heredia-Cueto,Moto,true
64,Antonio Arévalo,Bicicleta,true
65,Vera Ortega,Bicicleta,false
66,Elena Luz Aguilar Bou,Moto,false
67,José María Lumbreras,Auto,true
68,Miguela Galván Vilalta,Moto,true
69,Maxi Navarrete Carpio,Auto,false
70,Cándida Angelita Alberdi Ochoa,Moto,false
71,Ana Chico Sotelo,Moto,false
72,Piedad Patiño Ponce,Moto,true
73,Bernardita de Ferrán,Bicicleta,true
74,Lilia Cuesta Figuerola,Bicicleta,true
75,Cesar de Valero,Moto,false
76,Matías Abascal Camacho,Auto,true
77,Julio Ureña Mosquera,Auto,false
78,Curro Rivera Diaz,Bicicleta,false
79,Marcio Vives Codina,Bicicleta,false
80,Román Girona Cerezo,Auto,true
81,Buenaventura Edgardo Chamorro Ángel,Auto,false
82,Irma Lumbreras-Uriarte,Auto,true
83,Baudelio Carlos Cabrera,Auto,false
84,Paula del Calvet,Auto,false
85,Reyna Pérez Vives,Bicicleta,false
86,Graciano Iglesia,Moto,false
87,Olalla Azahar Bonilla Burgos,Moto,false
88,Ximena Vendrell,Moto,false
89,Ale Burgos Rozas,Auto,false
90,Esperanza Moya Aguiló,Auto,true
91,Nacio Morillo Perales,Auto,true
92,Manolo Juliá Trujillo,Bicicleta,false
93,Albino Ortiz-Carvajal,Bicicleta,true
94,Trini Roma-Ramón,Moto,false
95,Graciana Morante Somoza,Auto,true
96,Manola Comas Pablo,Bicicleta,true
97,Joel Porras,Auto,true
98,Dan Barreda,Bicicleta,true
99,Leocadio Chico Ocaña,Bicicleta,false
100,Inés Suárez,Bicicleta,true
101,Elpidio Bárcena Guzman,Auto,false
102,Josep Seguí Mendizábal,Moto,false
103,Borja Ariza Baquero,Bicicleta,true
104,Isaac Sáez,Bicicleta,true
105,Narcisa Jordán,Bicicleta,false
106,Fausto Marin Bermejo,Bicicleta,false
107,Sosimo Caparrós Tolosa,Bicicleta,false
108,Mireia Armas Dalmau,Bicicleta,false
109,Roque Redondo Marin,Bicicleta,true
110,Ovidio Oliva,Auto,false
111,Micaela de Caro,Bicicleta,true
112,Osvaldo Bermudez Boix,Auto,true
113,Candela Beltran Estevez,Bicicleta,false
114,Lino Talavera,Moto,false
115,Dorita de Coll,Bicicleta,true
116,Obdulia Agudo-Aznar,Moto,true
117,Consuelo Carro Tenorio,Bicicleta,false
118,Jordana Benitez Yuste,Moto,true
119,Gertrudis Marcos Mascaró,Bicicleta,true
120,Gabriel Palacio Cánovas,Auto,true
121,Agustina Perera Fabregat,Moto,true
122,Teodosio Jerez Cabezas,Bicicleta,false
123,Pastor Quero Bermudez,Bicicleta,false
124,Mercedes Alcalde,Moto,false
125,Manuela Estévez Arco,Bicicleta,false
126,Emiliano Olivé Baeza,Moto,false
127,Amador Abril,Moto,true
128,Luisa Selena Galiano Suárez,Moto,true
129,Elvira de Aramburu,Moto,false
130,Timoteo Nevado Roldan,Bicicleta,true
131,Amado Jerez,Moto,false
132,Ale del Vizcaíno,Bicicleta,true
133,Jesús del Zamorano,Auto,true
134,Delia Pera Quintero,Bicicleta,false
135,Santos Neira Carreras,Bicicleta,true
136,Maximiliano Querol-Benavente,Auto,false
137,Etelvina Fonseca Alba,Bicicleta,true
138,Vinicio Castejón,Moto,false
139,Rita Rodrigo Solano,Moto,false
140,Atilio Germán Arana Mendizábal,Bicicleta,false
141,María Cristina Bernarda Bravo Tirado,Moto,false
142,Margarita Barba Sala,Auto,true
143,Fausto Mariano Bustamante Tello,Auto,true
144,Iván del Espada,Auto,false
145,Telmo Jaén Jurado,Moto,false
146,Martina Luz Carbajo,Bicicleta,true
147,Jessica Buendía Cabañas,Moto,false
148,Paloma Huguet,Moto,true
149,Vanesa Coello Linares,Bicicleta,true
150,Celestina Hierro Abril,Auto,true
151,Timoteo de Corral,Moto,true
152,Iris Silva Crespi,Moto,false
153,Xiomara Ojeda Ugarte,Auto,false
154,Cebrián del Blanca,Bicicleta,false
155,Maricela Castells,Auto,true
156,Norberto Berenguer,Bicicleta,true
157,Manuel Casals Ríos,Moto,true
158,Amando Azorin Briones,Auto,false
159,Juanito de Puig,Moto,true
160,Fito Jover Blanco,Auto,true
161,Natividad Chaparro Rovira,Bicicleta,false
162,Paloma Sola Azcona,Auto,false
163,Dominga Carballo Bejarano,Moto,false
164,Dora de Barrio,Bicicleta,true
165,Clarisa Daza Miralles,Moto,true
166,Alejandro de Neira,Auto,false
167,Elpidio Casas Coloma,Auto,false
168,Pía Duque Muñoz,Moto,true
169,Marisa Ferrera Gallart,Bicicleta,true
170,Angelita Gelabert Llano,Bicicleta,true
171,Régulo Valera-Pina,Auto,true
172,Gonzalo Español Mancebo,Auto,false
173,Virginia Gallego Carrera,Moto,false
174,Juanita Castrillo Leiva,Moto,true
175,Mario Bastida Camacho,Bicicleta,true
176,Natalio Manuel-Espada,Bicicleta,false
177,Cayetano Zurita-Jordán,Bicicleta,false
178,Emiliana Buendía,Auto,true
179,Jesusa Pinilla Muro,Bicicleta,false
180,José Bartolomé Cuevas,Moto,false
181,Pánfilo Palmer Pedro,Bicicleta,true
182,Alondra Tamarit-Murillo,Moto,true
183,Cosme Toro Vilaplana,Moto,false
184,Esteban Chico Vilaplana,Moto,true
185,Gertrudis Cintia Artigas Perez,Auto,true
186,Dalila Frías,Moto,false
187,Fortunata Ramis Nieto,Auto,false
188,Josefa Morán Gimeno,Moto,true
189,Mar Carrera,Auto,true
190,Casandra Barbero Mata,Bicicleta,false
191,Reyna Aguilera Riquelme,Moto,false
192,David María Barriga Sevilla,Auto,true
193,Juan Francisco Romero-Macías,Auto,false
194,Andrea Pérez Trujillo,Bicicleta,false
195,Rufino Marcial Olivera Diez,Auto,true
196,Teo Alcolea Arnal,Auto,false
197,Fito Arteaga Rosell,Auto,true
198,Hilario Mariscal Cabello,Auto,false
199,Josué Gracia Alarcón,Moto,true
200,Natalio Ibarra Andreu,Auto,true
201,Herminio Galan Luís,Moto,true
202,Florentino Vélez Reyes,Moto,true
203,Guiomar Azorin Berrocal,Auto,false
204,Godofredo Manrique Alcántara,Auto,true
205,Ainoa Llorente Viña,Bicicleta,false
206,Gema Piña Boada,Auto,false
207,Conrado Benavides-Lorenzo,Bicicleta,false
208,Berto Sedano Moya,Auto,true
209,Eusebia Romeu Palomar,Moto,true
210,Virginia Barrera Palomar,Bicicleta,true
211,Godofredo Rodriguez Atienza,Bicicleta,true
212,Gerardo González Toledo,Moto,true
213,Nicolasa Aller-Manzano,Moto,false
214,Teófila de Olmedo,Auto,true
215,Cristóbal Peñalver Estévez,Moto,false
216,Marcelino Araujo Macías,Moto,false
217,Narcisa Fabra Mayol,Moto,false
218,Nicolasa Armas Agustí,Moto,false
219,Candelario de Bernad,Moto,false
220,Joaquina Almeida Márquez,Bicicleta,false
221,Fortunata Virginia Dueñas Ródenas,Bicicleta,true
222,Eloy Manrique-Zurita,Auto,false
223,Edelmira Bustamante Ortiz,Auto,true
224,Iván Corominas Galvez,Bicicleta,true
225,Melisa Calvo Torre,Moto,true
226,Tania Ramírez-Rebollo,Moto,true
227,Sigfrido Cobos Núñez,Auto,false
228,Raimundo Flores-Maestre,Moto,true
229,Regina Valls Arrieta,Auto,false
230,Bonifacio Godoy-Rocamora,Auto,true
231,Ascensión Alemán Pineda,Bicicleta,true
232,Pepita Baquero Mercader,Bicicleta,false
233,Lucila Marco Marco,Moto,true
234,Pepita Daza Zabala,Bicicleta,false
235,Chelo Castelló-Pazos,Auto,true
236,María Carmen Báez-Raya,Moto,true
237,Teobaldo Mir,Bicicleta,false
238,Dominga Crespo Samper,Bicicleta,false
239,Abril Santamaria Rey,Bicicleta,true
240,Silvestre Alberola Franco,Moto,false
241,Felix Contreras Salamanca,Auto,false
242,Gisela Gámez,Auto,false
243,Reyes Oller Pérez,Moto,true
244,Ale Arnau,Bicicleta,true
245,Eladio Porras Almeida,Auto,false
246,Noelia Rosa María Tejada Anguita,Moto,true
247,Sonia Edelmira Ferrera Leiva,Bicicleta,true
248,Maricruz Méndez Plaza,Bicicleta,true
249,Trini del Carrillo,Moto,true
250,Lidia Aranda Torrijos,Moto,true
251,Andrea Lorena Leon Escudero,Bicicleta,true
252,Felipe Heliodoro Barreda Gargallo,Bicicleta,false
253,Mamen del Hernando,Auto,true
254,Rita Cañellas-Novoa,Auto,true
255,Valentina de Planas,Bicicleta,false
256,Sigfrido Avilés,Moto,false
257,Lucho Merino Iborra,Bicicleta,false
258,Melisa Montserrat Samper,Auto,true
259,Marta Codina Murcia,Bicicleta,true
260,Juanita Calvo,Moto,true
261,Nilda Amo Real,Moto,true
262,Leonardo Losa,Bicicleta,true
263,Ángeles Arce Luís,Auto,true
264,María Luisa de Cardona,Bicicleta,true
265,Álvaro del Ibañez,Bicicleta,true
266,Rubén del Espada,Moto,true
267,Loreto del Carreño,Bicicleta,false
268,Rosa Vallejo Puente,Auto,false
269,Marino Lastra Carballo,Bicicleta,false
270,Javiera Montenegro,Moto,true
271,Godofredo Herminio Cantero Pardo,Bicicleta,false
272,Eugenia Paz Bueno,Bicicleta,true
273,Hilario Boada Redondo,Moto,false
274,Roberto Franco-Gaya,Bicicleta,true
275,Pablo Pujol Fuente,Bicicleta,true
276,Sandalio Doménech Almeida,Moto,true
277,Felipe Ruiz,Auto,false
278,Custodio Vallés Santamaria,Auto,false
279,Sigfrido del Escobar,Bicicleta,true
280,Rubén del Miró,Auto,true
281,Isaura Olivé Busquets,Auto,true
282,Dominga Iñiguez Soriano,Moto,false
283,Maricruz Albero Vicens,Auto,false
284,Cebrián Manuel Barberá,Bicicleta,true
285,Plácido de Martínez,Auto,false
286,Clemente Conde Pino,Bicicleta,false
287,Rosario Coll Castañeda,Auto,false
288,Héctor Lucho León Ordóñez,Bicicleta,false
289,Bárbara de Casado,Auto,false
290,Silvio Arnal-Arce,Bicicleta,true
291,Jose Luis Neira-León,Bicicleta,true
292,Petrona Boix Lobo,Auto,false
293,Pacífica Diana Salinas Noguera,Moto,true
294,Olivia Cabrera Iglesia,Auto,false
295,Fernando Pera Diaz,Auto,false
296,Gilberto Oliveras Amo,Auto,true
297,Delia Blasco Moya,Moto,false
298,Andrés Felipe de Aguado,Moto,false
299,Hilda Ribes,Bicicleta,false
300,Onofre Manu Ribes Tapia,Moto,true
301,Norberto Guardia Benitez,Auto,true
302,Victoria Muñoz Bauzà,Moto,false
303,Agustina Osorio-Cuevas,Moto,true
304,Margarita Rueda Iñiguez,Bicicleta,false
305,Evita Llabrés Morales,Bicicleta,false
306,Wálter Alfredo Moliner Marin,Moto,true
307,Antonio Cárdenas Ríos,Auto,false
308,María Luisa Sola Ferrer,Auto,true
309,Claudia Lastra Núñez,Bicicleta,false
310,Clara Espada-Plaza,Bicicleta,true
311,Ariel Feijoo Flor,Auto,true
312,Isidro Borrell Gárate,Bicicleta,true
313,David Alemany Saavedra,Moto,true
314,Buenaventura de España,Moto,false
315,Brunilda Arana,Bicicleta,true
316,Leonor Nogués Amaya,Auto,false
317,Maximiliano Ortuño Mariscal,Auto,false
318,Baudelio Martorell Cano,Bicicleta,false
319,Juan José Pintor Rodrigo,Bicicleta,false
320,Baldomero Seco Lobato,Auto,false
321,Fidela Tapia Cantero,Auto,false
322,Dimas Rius Montoya,Auto,true
323,Marciano del Pizarro,Auto,false
324,Bernabé Diego Juárez,Auto,true
325,Hilario Sevilla,Bicicleta,false
326,Amílcar Valbuena Losada,Auto,true
327,Florencia del Padilla,Moto,false
328,Perlita Garcia Diego,Auto,false
329,María José Cabello Segura,Auto,false
330,Claudia Cornejo Gutierrez,Bicicleta,false
331,Sarita Olivera Armengol,Auto,false
332,Perlita Marisa Farré Matas,Bicicleta,false
333,Julie Jimenez Tamarit,Auto,false
334,Antonia Acedo Aliaga,Auto,false
335,Paulino Requena Simó,Bicicleta,true
336,Fermín Sevilla Hernando,Moto,false
337,Casandra Pedrero Echeverría,Moto,false
338,Demetrio Espada Caparrós,Auto,true
339,Jonatan Iñiguez Castañeda,Bicicleta,false
340,Abigaíl Gual-Fuster,Auto,true
341,Rolando Fernando Tirado Ibarra,Auto,false
342,Emilia Atienza Juárez,Bicicleta,true
343,Epifanio de Plana,Auto,true
344,Teo Rosselló Gilabert,Moto,false
345,Jordana Eva Cánovas Feliu,Moto,true
346,Aristides Saez Montalbán,Moto,false
347,Guillermo Bravo-Olivares,Auto,false
348,Zaida Castañeda Somoza,Bicicleta,false
349,Iris Ballester Bru,Auto,true
350,Eli Ramírez Espejo,Auto,true
351,Zaira Barberá Pinilla,Bicicleta,true
352,Joaquina Máxima Escolano Botella,Auto,false
353,Eutimio del Riba,Moto,false
354,Roxana Ferrando Arribas,Bicicleta,false
355,Esperanza Benet Infante,Auto,false
356,Aránzazu Sanjuan Cuadrado,Auto,true
357,Tecla Gutierrez Echeverría,Bicicleta,true
358,Jordana Valera Sacristán,Moto,true
359,Azahara Iglesias Tolosa,Auto,true
360,Abril Lloret,Bicicleta,true
361,Marisol Calatayud-Salazar,Moto,false
362,Sara Revilla Rosa,Moto,true
363,Amador Iriarte Tolosa,Auto,true
364,Hilda Carbonell-Guerra,Auto,false
365,Cristina Godoy Luján,Auto,true
366,Amada Martín,Moto,false
367,Che Meléndez Andres,Auto,true
368,Kike Dueñas Lerma,Auto,false
369,Efraín Exposito-Bru,Bicicleta,true
370,Jose Miguel Vall Cerezo,Auto,true
371,Delia Amo Mur,Moto,false
372,Francisca Capdevila Cañizares,Moto,true
373,Norberto Pedro Alfaro,Bicicleta,true
374,Marisela Salamanca,Bicicleta,false
375,Germán Redondo Baró,Bicicleta,true
376,Eladio Alvarado,Auto,false
377,Lucas Planas Cuesta,Moto,true
378,Albina de Juárez,Moto,false
379,Pascuala Bastida Moliner,Moto,false
380,Armando Piña Torrens,Moto,true
381,Florencia Tatiana Barriga Guijarro,Bicicleta,false
382,Gertrudis Recio,Auto,true
383,Teófilo Sancho Rodríguez,Bicicleta,false
384,Candelaria Alcaraz Buendía,Bicicleta,true
385,Tomás Lastra Nogués,Bicicleta,true
386,Rufino Lalo Pina Pallarès,Moto,false
387,Bernardita Melero Hernandez,Moto,true
388,Leyre Arco Parejo,Bicicleta,false
389,Pepito Torrent Albero,Auto,false
390,Nadia Moliner Castejón,Moto,false
391,Celestina Barral Vives,Bicicleta,false
392,Perla Salud Tomas Campoy,Auto,true
393,Isidora Teodora Sevillano Piñol,Moto,true
394,Graciano Cifuentes,Auto,false
395,Cayetana Escobar Vilanova,Auto,true
396,Clemente Lladó Arévalo,Moto,false
397,María Núñez Azcona,Auto,false
398,Pelayo Mesa Borrás,Bicicleta,true
399,Marisol Aguiló Segarra,Bicicleta,false
400,Valero Joan Tejada Haro,Moto,true
401,Bernardo Guzmán Arroyo,Bicicleta,false
402,Lucas Andrés Benítez Cuenca,Auto,true
403,Fulgencio Figuerola Mendez,Bicicleta,true
404,Jennifer del Cárdenas,Moto,false
405,Fidela Pinilla Rivero,Bicicleta,true
406,Nicodemo del Borrás,Bicicleta,false
407,Anna Galván,Bicicleta,false
408,Leonel Canet Sastre,Bicicleta,false
409,Candelaria Mulet Ureña,Bicicleta,true
410,Vito Roldán,Moto,false
411,Filomena Cabeza,Auto,true
412,Victor Mateo Cuervo,Bicicleta,true
413,Domingo Infante Fuentes,Moto,false
414,Hernán Colomer Novoa,Bicicleta,false
415,Reina Camacho Mariscal,Bicicleta,false
416,Rosario Fonseca Ribera,Bicicleta,false
417,Toribio Hilario Sanz Larrea,Auto,false
418,Carla Sáez Villanueva,Auto,true
419,Adora Rosell Soriano,Moto,false
420,Tecla del Velasco,Moto,false
421,Francisco Rosado Villalonga,Moto,false
422,Juanito Donoso,Moto,true
423,Hugo Perera Torralba,Auto,false
424,María Pilar Adán Escribano,Moto,true
425,Águeda Ortega-Macias,Moto,false
426,Ricarda Montesinos Yuste,Moto,true
427,Ángela del Acevedo,Auto,false
428,Lino Cuadrado Cortés,Moto,false
429,Xavier Navas Chacón,Moto,true
430,Ibán Corral Tejedor,Bicicleta,false
431,Sebastian Montero Estevez,Bicicleta,true
432,Maura Sacristán-Villar,Bicicleta,false
433,Eloy Solís Cuenca,Bicicleta,false
434,Tito Barroso-Crespo,Moto,false
435,Jenaro del Ortega,Auto,false
436,Paulino Francisco Simó,Bicicleta,false
437,Pía Agustí-Zabaleta,Bicicleta,false
438,Guiomar Asensio Planas,Auto,false
439,Eliana Sanjuan Cánovas,Auto,false
440,Lucio Espejo Belda,Auto,true
441,Juan José Agullo Méndez,Moto,false
442,Prudencia Posada Prada,Bicicleta,true
443,Feliciano Ballesteros Arenas,Moto,true
444,Cirino Alcaraz Salmerón,Bicicleta,false
445,Evita Chamorro,Auto,false
446,Isidora Blázquez Castañeda,Moto,true
447,Lola Salinas,Auto,false
448,Ciro Costa Vergara,Bicicleta,true
449,Florinda Porta Álvaro,Auto,false
450,José Ángel Heredia Téllez,Bicicleta,true
451,María Cristina Espada Lastra,Moto,false
452,Jose Ramón Nogués Cuadrado,Bicicleta,false
453,Reina Vélez Salvador,Auto,false
454,Elvira Puente Martín,Bicicleta,true
455,Ariel Prada Mosquera,Bicicleta,false
456,José María Córdoba-Andreu,Bicicleta,false
457,Vasco Lopez Arellano,Bicicleta,false
458,Cecilia Collado Roselló,Moto,true
459,Leonor Zaragoza Mulet,Bicicleta,false
460,Guiomar Cadenas-Amat,Bicicleta,false
461,Ulises Acosta Calzada,Moto,false
462,Concha Vergara Giralt,Moto,true
463,Dimas Vilar-Roda,Bicicleta,false
464,Angelita Cazorla Gimenez,Moto,true
465,Eligia Olmo,Moto,false
466,Duilio Ibán Haro Isern,Moto,true
467,Rómulo Moles Castelló,Bicicleta,false
468,Chelo Hidalgo,Moto,false
469,Eliana Bueno Clemente,Auto,false
470,Renata Azorin Estévez,Bicicleta,true
471,Gustavo Ugarte Esteban,Bicicleta,true
472,Encarnacion Carranza Yuste,Moto,false
473,Ignacio Vaquero Aller,Auto,false
474,Adelina Lloret Acero,Auto,false
475,Eusebia Alfaro Nevado,Auto,true
476,Adoración Salom-Zaragoza,Bicicleta,true
477,Marciano Tovar Olmo,Bicicleta,true
478,Tito Castellanos Álamo,Moto,true
479,Alex Camps Sala,Bicicleta,true
480,Juan Francisco Alberdi,Moto,true
481,Maximiliano del Mayoral,Bicicleta,false
482,Eliseo Palacio Mancebo,Auto,false
483,Rufina Cañizares-Vizcaíno,Bicicleta,true
484,Jenny Pérez,Auto,true
485,Sandalio Andrade Donaire,Auto,false
486,Maribel Guzman Benito,Auto,true
487,Juan José Zamorano Vilar,Auto,false
488,Eliana Aliaga Espejo,Bicicleta,true
489,Estela Galvez Bas,Auto,true
490,Cosme Esteban Laguna,Auto,false
491,Aarón Muro Mayo,Bicicleta,false
492,María Belén Salvà Querol,Bicicleta,false
493,Miguel Espada-Sanchez,Moto,false
494,María Almansa Duran,Moto,true
495,Cosme Losada Bello,Bicicleta,true
496,Eli Esparza Gallart,Auto,true
497,Armida Talavera Marín,Auto,true
498,Xavier Valls Valdés,Moto,false
499,Roxana Parra Rosselló,Bicicleta,true
500,Ruperta Llopis Cifuentes,Auto,false
501,Irma Seguí Prieto,Auto,true
502,Guiomar Simón Zapata Pareja,Moto,true
503,Octavia Plaza,Auto,true
504,Dan Jimenez-Almagro,Moto,false
505,Kike Valverde-Piña,Bicicleta,false
506,Roberto Orozco Castilla,Auto,false
507,Elvira Terrón Solsona,Bicicleta,true
508,Alex del Carreño,Bicicleta,false
509,Azeneth Manzano Bermúdez,Bicicleta,true
510,Gonzalo de Nogueira,Auto,false
511,Javi Esparza-Figueras,Moto,false
512,Adán Giralt González,Auto,false
513,Cesar Falcó Esparza,Moto,true
514,Bruno Diego Pereira,Moto,false
515,Ramiro Fabra Batalla,Auto,true
516,Carmelita Cabeza,Auto,true
517,Román Alcázar Saldaña,Bicicleta,true
518,Cintia Ariño Velázquez,Moto,true
519,Jose Francisco Garay-Arellano,Moto,true
520,Eloísa Ayuso Dávila,Auto,true
521,Isidro Medina Fajardo,Bicicleta,false
522,Áurea Josefa Amorós Montesinos,Moto,true
523,Águeda Benita Bejarano Escalona,Moto,true
524,Guillermo Ayuso-Oliva,Moto,false
525,Nazaret Castillo Saura,Moto,true
526,Nacho Herrera Lobo,Bicicleta,true
527,Jenny Baena Pedro,Bicicleta,false
528,Nazaret Perelló,Moto,true
529,Daniel Almagro Zurita,Moto,false
530,Esperanza Alarcón Heredia,Auto,true
531,Estela Villalba Martínez,Bicicleta,true
532,Pili Ana Sofía Cazorla Ariño,Bicicleta,false
533,Poncio Sedano Terrón,Auto,true
534,Mamen Franco Macias,Bicicleta,false
535,Amando Baquero,Bicicleta,true
536,Julie Gascón,Auto,true
537,Gisela Luque Alcázar,Moto,true
538,Anastasia Ferreras Alberola,Auto,false
539,Marcos Arcos Cazorla,Bicicleta,true
540,Teófilo Villanueva Barba,Moto,false
541,Álvaro del Espada,Auto,false
542,Tiburcio Lorenzo Capdevila,Moto,true
543,Evita Armengol,Auto,false
544,Nélida Esteban Delgado,Auto,false
545,Soledad Ferrera-Pardo,Moto,true
546,Silvio Cabrero Blanco,Auto,true
547,Ruperta Pepita Rozas Molins,Moto,false
548,Donato Donaire,Moto,false
549,Anselma Nevado Garmendia,Moto,false
550,Juan Carlos Delgado Rovira,Moto,false
551,Dominga Jordán Pascual,Moto,false
552,Flavia Vilar Fernandez,Auto,false
553,Baltasar Ignacio Gual Osorio,Moto,false
554,Adoración Nevado Barceló,Bicicleta,false
555,Asunción del Solís,Auto,true
556,Hector Meléndez-Cid,Moto,true
557,Emilio Bernat Gimeno,Auto,false
558,Eulalia del Donoso,Moto,false
559,Martín Bru,Bicicleta,false
560,Rafael Carlito Ferrández Farré,Moto,true
561,Leocadia Vilanova Pou,Moto,false
562,Marita Ferrán Lobato,Auto,false
563,Cándida Pinedo Tirado,Moto,true
564,Gastón Barreda,Auto,false
565,Toni de Crespo,Auto,true
566,Rosario Cuesta-Navarro,Moto,false
567,Coral Abellán Girona,Moto,true
568,Luna Pons Barrera,Bicicleta,true
569,Vidal Cerdá-Aznar,Auto,true
570,Gaspar Sotelo Pedrosa,Bicicleta,true
571,Nicanor de Palma,Auto,true
572,Clemente Chaparro Olivera,Auto,true
573,Guiomar Angelina Duarte Cano,Auto,false
574,Marcelo Blasco Valbuena,Bicicleta,false
575,Dorotea Pombo Pinto,Moto,true
576,Carmelo Pombo-Tudela,Bicicleta,true
577,Quirino Cervantes Quintero,Bicicleta,false
578,Mamen de Olivera,Moto,true
579,Elisa Palomares-Comas,Moto,false
580,Guadalupe de Abril,Auto,false
581,Nacho Madrigal Amores,Bicicleta,false
582,Natalio Moliner Bauzà,Bicicleta,true
583,Mateo Valdés Álamo,Moto,false
584,Victor Manuel Heras Olivera,Moto,false
585,Pedro Castell Ruiz,Auto,true
586,Eusebio Sancho Gisbert,Auto,true
587,Carlota de Osorio,Bicicleta,false
588,Encarnación Cañizares Jordán,Bicicleta,true
589,Dominga Rodrigo Moles,Auto,false
590,Moisés Mayol Vicens,Bicicleta,false
591,Jose Manuel Milla Bernad,Auto,true
592,Arcelia Barceló-Cadenas,Moto,true
593,Maximiliano Trinidad Cabrera Benavent,Bicicleta,true
594,Sancho Domingo Otero,Bicicleta,false
595,Régulo Arias-Rodríguez,Bicicleta,false
596,Teófila Pons Roura,Moto,false
597,Paula Solana Múgica,Auto,true
598,Erasmo Redondo Carreras,Auto,true
599,Patricio Alvarez Pujadas,Moto,true
600,Adalberto Vélez-Rosa,Auto,true
601,Antonio Corral Iborra,Auto,true
602,Domitila Infante Pagès,Bicicleta,true
603,Baudelio Rius Berenguer,Bicicleta,true
604,Calixta Paz-Hoyos,Moto,true
605,Isidoro Pinto Folch,Bicicleta,true
606,Miguela de Rodriguez,Bicicleta,true
607,Ema del Español,Moto,true
608,José Manuel Montaña Badía,Moto,false
609,Ana Saura-Mir,Bicicleta,false
610,Cebrián Maestre Gálvez,Moto,false
611,Fabiana Torrecilla Bernat,Moto,true
612,Casemiro del Gaya,Moto,true
613,Daniel García Mascaró,Bicicleta,false
614,Fabio Sanz Pastor,Auto,true
615,Azucena Folch Polo,Bicicleta,false
616,Primitivo Ruano-Olivares,Bicicleta,false
617,Edelmiro Rafael Alvarado Blázquez,Moto,true
618,Edelmira Mercader,Bicicleta,false
619,Francisco Prado Vila,Auto,false
620,Iris de Isern,Bicicleta,false
621,María Luisa Heredia Escamilla,Bicicleta,false
622,Clarisa Alfaro Cruz,Bicicleta,true
623,Yolanda Ballester López,Auto,true
624,Daniel de Exposito,Auto,false
625,Haroldo Alba Mas,Moto,false
626,Fermín Campo-Tomas,Auto,true
627,Gabriela Aurelia Rey Zaragoza,Moto,false
628,Mercedes Sala Izaguirre,Auto,false
629,Lilia Bustamante Pol,Bicicleta,true
630,Carlito Feliu Dueñas,Bicicleta,false
631,Concepción Salom,Moto,true
632,Manuela de Mármol,Moto,true
633,Evaristo Belda,Auto,true
634,Américo Ledesma Hernández,Bicicleta,true
635,Hortensia Serrano Canales,Auto,true
636,Tito Giner Palmer,Bicicleta,true
637,Reynaldo del Palomino,Bicicleta,true
638,Manola Juliá Otero,Auto,true
639,Florina Vallejo Valderrama,Bicicleta,false
640,Zaida Emperatriz Olmedo Tello,Auto,false
641,Ismael Garzón Duran,Moto,false
642,Felipe Canet,Moto,false
643,Mercedes Moraleda Salvador,Moto,true
644,Cándida Alemany Palomares,Auto,true
645,Fortunato Cabañas Tudela,Bicicleta,true
646,Julie Valencia Osorio,Moto,false
647,Jonatan Muñoz,Bicicleta,false
648,Leonor Giralt Pareja,Auto,true
649,Carmela Tapia Gálvez,Auto,false
650,Alcides Hoz Pombo,Bicicleta,false
651,Albina Esparza-Cáceres,Auto,false
652,Ámbar Pereira Asenjo,Auto,false
653,Olimpia Solano Murcia,Auto,false
654,Ágata Vera Ariza Vigil,Moto,true
655,Dalila Eva Marcos Colom,Auto,true
656,Edgardo Mateos Gaya,Auto,true
657,Isidoro Llamas Cañizares,Auto,false
658,Cornelio Martí-Lucas,Bicicleta,true
659,Dora Mariana Montero Camps,Auto,true
660,Salvador Amaro Cervera Mur,Auto,true
661,Felipa Herrera,Auto,true
662,Nydia Mata Rocamora,Bicicleta,true
663,Rosalina Nogués Casares,Bicicleta,false
664,Amanda Brígida Oliver Cánovas,Auto,true
665,Milagros Rubio Almagro,Moto,false
666,Andrés Navarro Grande,Auto,false
667,Florentina Delfina Grande Montero,Bicicleta,false
668,Gustavo Pla Anaya,Moto,false
669,Benjamín Rios Puig,Moto,true
670,Pepito Pozuelo Chamorro,Moto,false
671,Demetrio Carreño Oliver,Bicicleta,true
672,Lorenza Cózar-Alvarez,Auto,true
673,Delfina Soria-Mendez,Bicicleta,false
674,Belén Alondra Carnero Serna,Auto,true
675,Mateo Bellido-Villena,Bicicleta,true
676,Juan Juan Bautista Oller Reguera,Moto,true
677,Cristóbal Mendoza Ródenas,Bicicleta,true
678,Anselma Céspedes Santamaria,Bicicleta,true
679,Néstor Esteban Benavente,Moto,false
680,Gerardo Roura Bustos,Auto,false
681,Dimas Osuna-Aragón,Bicicleta,true
682,Hugo Delgado Guillen,Moto,false
683,Vidal Jurado Juárez,Auto,true
684,Benita del Sanabria,Bicicleta,true
685,Jose Luis Zamorano-Porras,Bicicleta,false
686,Felix del Salcedo,Auto,true
687,Balduino Salcedo Morcillo,Auto,true
688,Liliana Carballo Durán,Moto,true
689,Abril de Arellano,Moto,false
690,Clímaco Peral Soriano,Moto,false
691,Camilo Olmedo Valero,Bicicleta,false
692,Dimas Alcaraz Sala,Bicicleta,true
693,Cecilia Molina Arévalo,Bicicleta,true
694,Francisco Pareja Agullo,Moto,false
695,Leticia Sosa,Bicicleta,true
696,Carolina Azeneth Nevado Arregui,Moto,true
697,Ariadna Guitart Atienza,Moto,false
698,Apolonia Sala,Bicicleta,false
699,Maxi Vilaplana Gallart,Moto,false
700,Trinidad Vallejo Juan,Moto,true
701,Teodora Soler Clavero,Bicicleta,false
702,Clímaco Erasmo Barberá Capdevila,Bicicleta,false
703,Pedro del Sanmartín,Auto,true
704,Encarna Paloma Grau Clavero,Bicicleta,false
705,Milagros Ripoll-Berenguer,Bicicleta,false
706,Moisés Conesa,Moto,true
707,Fanny Visitación Prado Martin,Bicicleta,false
708,Reyes Bonilla Jaén,Moto,false
709,Omar Solé-Mesa,Bicicleta,true
710,Reyes de Zorrilla,Auto,true
711,José Luis del Checa,Auto,true
712,Américo Rosell-Villalonga,Moto,true
713,Aarón Campoy Osuna,Moto,false
714,Francisco Jose del Barrera,Auto,true
715,Concha Sanmartín Mayoral,Auto,true
716,Nayara Morcillo Bustamante,Auto,false
717,Lázaro Quiroga Lladó,Moto,false
718,Almudena Barrena Flor,Bicicleta,true
719,Milagros Miró-Vélez,Moto,false
720,Joel Ceferino Soria Tena,Bicicleta,true
721,Saturnino Benavent-Bernat,Bicicleta,true
722,Bartolomé Boix Cabrero,Bicicleta,true
723,Sebastian Sáenz-Meléndez,Auto,false
724,Paula Machado Manso,Bicicleta,false
725,Natividad Vilanova Vara,Moto,true
726,Leticia Figuerola,Moto,true
727,Socorro Acevedo Gárate,Auto,true
728,Lucio Guerrero Urrutia,Moto,false
729,Camila Diaz Reig,Auto,false
730,Cornelio Andreu Aliaga,Auto,true
731,Aurora Español Peña,Moto,false
732,Regina Marí Palomar,Auto,false
733,Vicente Jaume Casanovas,Bicicleta,false
734,Manu Martorell Pacheco,Moto,false
735,Nadia Bolaños Salgado,Auto,false
736,Purificación Ágata Benito Bayona,Moto,true
737,Serafina Tejera,Moto,false
738,Sancho Arrieta-Gual,Bicicleta,false
739,Olimpia Priego,Auto,true
740,Leopoldo Maza Herrero,Moto,false
741,Marcia Bravo-Mínguez,Auto,false
742,Clarisa Sales Martí,Auto,false
743,Salomé Salcedo Noguera,Moto,false
744,Odalis Carreño-Pont,Bicicleta,true
745,Baldomero Solís-Gomez,Bicicleta,false
746,Dionisio Rivas Asensio,Auto,false
747,Adán de Núñez,Bicicleta,false
748,José María Anselmo Serna Zapata,Moto,false
749,Elena Torres,Bicicleta,false
750,Nicolás Eloy Blanca Moliner,Moto,true
751,Vilma Ledesma,Moto,false
752,Vicente Esteban Montenegro,Auto,true
753,Pascuala García,Bicicleta,true
754,Severiano Rosell-Izquierdo,Bicicleta,false
755,Evelia Correa,Auto,false
756,Joan de Martínez,Bicicleta,true
757,Perla Riera Escrivá,Bicicleta,false
758,Josué Benavides Román,Auto,true
759,Margarita Rocha-Sacristán,Bicicleta,false
760,Marisol Villaverde Daza,Bicicleta,false
761,Joaquina Luna,Bicicleta,true
762,Rolando Lozano Rios,Moto,false
763,Tomasa Cerdán Soria,Bicicleta,false
764,Damián Tormo Echevarría,Bicicleta,true
765,Apolonia Vendrell Tejada,Auto,true
766,Jacobo Gálvez Riquelme,Moto,false
767,Marcos Canales Borrás,Moto,false
768,Claudio del Bustos,Auto,false
769,Gloria Novoa Benítez,Bicicleta,false
770,Angelita de Plaza,Auto,false
771,María José Tenorio Pinto,Moto,false
772,Soraya Ariel Menéndez Palomino,Auto,true
773,Adán Roldan Guillen,Auto,true
774,Carlos Maza,Auto,true
775,Santos Montserrat Chaves,Bicicleta,false
776,Natalia Macias Mir,Bicicleta,false
777,Sarita Sevilla-Barranco,Auto,false
778,Blanca Luís-Galán,Auto,false
779,Epifanio del Madrid,Moto,true
780,Concepción Gloria Cid Guzmán,Auto,false
781,Isidoro Vargas Viana,Auto,false
782,Gabriel Peñalver Martí,Moto,false
783,Fernanda Cabanillas Exposito,Moto,true
784,Blas Lucena Roselló,Auto,false
785,Ignacia Ribes Rueda,Bicicleta,false
786,Amador Pina Godoy,Bicicleta,true
787,Baldomero Ballesteros,Auto,true
788,Clotilde Pozo Reina,Auto,true
789,Constanza Prada González,Moto,false
790,Nadia Esther Cózar Solé,Auto,false
791,Jordi Gisbert Dávila,Auto,true
792,Visitación Villalobos Bastida,Moto,false
793,Alondra Coll Campoy,Moto,false
794,Lucio del Alcázar,Moto,false
795,Ciríaco Barberá Paniagua,Bicicleta,false
796,Emelina Manuel Montes,Moto,true
797,Ángela Gallardo Bayo,Bicicleta,true
798,Marciano Uribe Contreras,Auto,true
799,Loreto Zamora Cabello,Moto,false
800,Samuel Miralles,Auto,true
801,Custodia Gálvez Barbero,Moto,true
802,María Cristina de Ariza,Auto,false
803,Florina Tomas Pelayo,Bicicleta,true
804,Marina Salud Mendez Castillo,Bicicleta,true
805,Isaac Arroyo,Bicicleta,false
806,Susana Sainz Ródenas,Moto,true
807,Herminio Carretero Baquero,Moto,true
808,Teodosio Vizcaíno Bermejo,Bicicleta,true
809,Lope Cabañas Sacristán,Bicicleta,true
810,Violeta Menendez Águila,Moto,false
811,Bárbara Álamo Escribano,Bicicleta,true
812,Apolonia del Aroca,Auto,false
813,Alfonso del Aguilar,Bicicleta,false
814,Alfonso Jaume,Moto,true
815,Eustaquio de Hernandez,Bicicleta,false
816,Rosa Maldonado Alonso,Auto,false
817,Patricio Villalonga,Bicicleta,false
818,Verónica Solís Dominguez,Bicicleta,false
819,Leonor Mínguez Calvet,Auto,true
820,Augusto Carbajo-Fonseca,Auto,true
821,Anastasia Montalbán Gargallo,Auto,false
822,Cleto Mate,Bicicleta,true
823,Fito Benito Galván Rodriguez,Auto,true
824,Octavia Caparrós-Hidalgo,Moto,false
825,Úrsula Macias Luján,Moto,true
826,Lola Rojas,Bicicleta,false
827,Carolina Moreno-Palacios,Bicicleta,true
828,Heriberto Quintero Carbó,Auto,false
829,Evelia Pablo Palomares,Bicicleta,false
830,Bartolomé de Montserrat,Auto,true
831,René Llano Narváez,Moto,false
832,Eligia Nebot Gabaldón,Bicicleta,false
833,Jafet Baró Reguera,Auto,true
834,Amalia Chaparro Alfonso,Moto,true
835,Rolando Perera Palomino,Auto,true
836,Josefina Galan Gutiérrez,Moto,true
837,Esmeralda del Benitez,Bicicleta,false
838,Saturnino de Requena,Bicicleta,false
839,Rosario Gabriel Posada Gaya,Bicicleta,false
840,Inocencio Pulido Hoyos,Auto,true
841,Yago Roda Agustín,Auto,false
842,Olivia Febe Corral Criado,Moto,true
843,Josué Llamas Palma,Moto,true
844,Ramón Macias Ramis,Bicicleta,false
845,Gema Bello Patiño,Moto,false
846,Dani Murcia Navas,Bicicleta,true
847,Reyna Naranjo Tamayo,Bicicleta,true
848,Iker Llobet Posada,Bicicleta,true
849,Jeremías Malo Alcalá,Auto,true
850,Sebastian Redondo Laguna,Auto,false
851,Fausto Izquierdo Montaña,Auto,true
852,Reynaldo Vigil Sanchez,Auto,false
853,Rafa Godofredo Torrens Arnaiz,Moto,true
854,Faustino Emilio Ribera Peralta,Bicicleta,true
855,Marianela Tamayo Montero,Bicicleta,false
856,Juana Carrera Almazán,Moto,true
857,Nazaret Alsina-Vilaplana,Moto,true
858,Marisol Garmendia Moliner,Bicicleta,true
859,Herminio Cuesta Saez,Bicicleta,false
860,Eusebio Tomé Pozo,Auto,true
861,Zaira Solé Bermejo,Auto,true
862,Nazario Tirado Durán,Moto,true
863,Salud Arribas Laguna,Moto,true
864,Eleuterio Galan,Moto,false
865,Elías Prieto Boix,Moto,false
866,Eligia Feliu-Bustos,Bicicleta,false
867,Máximo Arnaiz Monreal,Auto,true
868,Osvaldo Ortega Camino,Bicicleta,true
869,Jenaro Campos,Bicicleta,true
870,Julie de Gisbert,Bicicleta,false
871,Luís Sigfrido Fuster Valbuena,Moto,false
872,Leocadio Arjona Bernal,Bicicleta,true
873,Clímaco Pallarès Luz,Moto,false
874,Kike Cuenca,Moto,false
875,Nadia Adadia Maza,Bicicleta,true
876,Paz Blázquez Pina,Bicicleta,true
877,Mirta del Rosell,Bicicleta,true
878,Susana Puga,Moto,true
879,Imelda Emiliana Pla Llobet,Moto,false
880,Emperatriz Soriano Herrera,Auto,true
881,Pedro de Codina,Moto,false
882,Itziar Badía Vera,Moto,false
883,Jose Luis Vargas Pujol,Bicicleta,true
884,Esteban Cazorla Sastre,Moto,true
885,Albano Geraldo Cantero Conesa,Bicicleta,false
886,Montserrat Carvajal Peral,Bicicleta,true
887,Sofía Sacristán Mayoral,Bicicleta,true
888,Ciríaco Gallardo Angulo,Auto,true
889,María Carmen Requena Avilés,Moto,false
890,Fabiola de Botella,Moto,false
891,Benjamín de Tello,Bicicleta,true
892,Benita Amorós,Bicicleta,false
893,Yago Gargallo Sola,Auto,true
894,Ciríaco Morales Cuenca,Auto,true
895,Valerio Bermejo Cabello,Bicicleta,false
896,María Manuela Madrid,Bicicleta,false
897,Hortensia Cabo-Iborra,Bicicleta,false
898,Anita Soler Ayuso,Moto,false
899,Valero Haro Pedro,Auto,true
900,Florencia Coloma Salcedo,Auto,false
901,Bernarda Borrell Abril,Moto,false
902,Celestino Casal Sanchez,Bicicleta,false
903,Emiliano Ángel Jover Verdejo,Bicicleta,true
904,Tomasa Valera Alsina,Auto,false
905,Cleto Ugarte Riquelme,Bicicleta,true
906,Viviana Molina Pinedo,Bicicleta,false
907,Merche Candela Figueroa Ojeda,Moto,true
908,Trini Puig Canet,Moto,false
909,Eloy Noguera,Auto,false
910,Duilio Fuertes Badía,Moto,true
911,Ángela del Arana,Bicicleta,true
912,Cornelio Haro,Auto,false
913,Apolonia Chaparro Revilla,Auto,false
914,Sara Villalba Rivera,Bicicleta,false
915,Federico Uría Villalobos,Moto,true
916,Daniela Pla Benet,Moto,true
917,Vinicio Fulgencio Torrents Clavero,Bicicleta,true
918,Aurelio de Castrillo,Auto,true
919,Gastón Díaz Batlle,Auto,false
920,Aroa Méndez Peñalver,Moto,true
921,Rolando Echeverría Briones,Moto,false
922,Aitor Tristán Abellán Villalobos,Moto,true
923,Esther Barberá Ortiz,Bicicleta,false
924,Camila Paredes-Serna,Auto,false
925,Filomena Cobo,Auto,false
926,Casemiro Romeu Agullo,Auto,false
927,Blas Atilio Baena Diéguez,Bicicleta,true
928,Dionisio Miguel Mesa,Moto,false
929,Purificación Téllez Pinto,Bicicleta,false
930,Hilario Almeida Vallés,Auto,true
931,Asunción Pujadas Fuster,Auto,true
932,Merche Sarabia Robledo,Moto,true
933,Edgardo de Coca,Bicicleta,true
934,Rómulo de Manjón,Moto,false
935,Jaime Rovira Blanco,Bicicleta,true
936,María Del Carmen Tomás Acosta,Moto,true
937,Aurelia Sosa Lorenzo,Auto,false
938,Obdulia Sánchez Codina,Auto,false
939,Heriberto Buendía Trujillo,Auto,true
940,Diego Torrens Solé,Bicicleta,false
941,Maxi Capdevila Larrea,Moto,true
942,Aránzazu Granados Blázquez,Auto,false
943,Maite Cadenas Garmendia,Moto,false
944,Bernardino del Benito,Moto,true
945,Bernardo Zapata Bellido,Auto,false
946,Regina Lumbreras Gutiérrez,Bicicleta,false
947,Adelardo Tolosa-Gámez,Auto,false
948,Fernando Caro,Auto,true
949,Felicia Aliaga Canales,Auto,true
950,Leire Estevez,Bicicleta,true
951,Mohamed Sanjuan Mayol,Auto,false
952,Ovidio Ortega Manjón,Moto,false
953,Felipa Bueno Roman,Moto,false
954,Leandra Córdoba Matas,Auto,false
955,Timoteo Leal Barros,Auto,false
956,Caridad Juliá Ripoll,Auto,false
957,Demetrio Calderon Robledo,Bicicleta,true
958,Glauco Lamas Pareja,Bicicleta,true
959,Amaro Tapia-Nieto,Auto,true
960,Angélica del Terrón,Moto,false
961,Florencia Francisco Piña,Moto,false
962,Jordi Cañellas-Alemany,Auto,true
963,Graciano Parejo Coca,Bicicleta,false
964,Esther Lozano Coca,Bicicleta,false
965,Jose Manuel Posada Roldán,Moto,false
966,Bernardo Esparza,Auto,false
967,Isa Barreda Gascón,Auto,true
968,Vasco Peiró Arce,Bicicleta,false
969,Hernán Parejo-Cobos,Auto,true
970,Tito Company Leal,Moto,true
971,Fabián Villalba Cantón,Auto,false
972,Borja del Diéguez,Auto,true
973,Aristides Ibañez,Auto,false
974,Heraclio Bonet Rivas,Moto,false
975,Marco Cruz,Moto,false
976,Belén Gisbert Canet,Bicicleta,true
977,Fortunata Albero Tomas,Bicicleta,true
978,Sandalio Paredes Valbuena,Moto,true
979,Eligia Rivas-Marín,Moto,false
980,Humberto Anglada Tamarit,Bicicleta,true
981,Hernando Talavera,Bicicleta,false
982,Marcela Losa Llabrés,Bicicleta,true
983,Prudencia del Benavent,Bicicleta,false
984,Cipriano Balaguer Elorza,Moto,false
985,Urbano Tomé Escobar,Auto,true
986,Eliana Enríquez Chamorro,Bicicleta,true
987,Teodosio Burgos Escribano,Bicicleta,true
988,Eusebia Alarcón Beltrán,Moto,true
989,Nydia Tomás Salazar,Bicicleta,false
990,Joan Alarcón Prieto,Auto,true
991,Andrés Felipe Iñiguez Daza,Bicicleta,true
992,Sancho Isidro Menendez Ledesma,Bicicleta,true
993,Bernabé Porcel Pujadas,Auto,true
994,Florina Ramis Bastida,Auto,true
995,Rosendo Pérez-Ortiz,Auto,false
996,Dalila Andrade Aguiló,Moto,false
997,Lino Albano Casas Calderon,Auto,false
998,Marcial Tena Figueroa,Bicicleta,false
999,Domingo Batalla Ferrero,Moto,true
1000,Pedro Amorós Bonet,Moto,false
1001,Daniel Montaña Calderón,Bicicleta,true
1002,Alfredo Tello Salas,Auto,true
1003,Catalina de Bilbao,Moto,true
1004,Yolanda Crespi Sobrino,Moto,true
1005,Estrella de Bauzà,Auto,true
1006,Nacho Cerdá-Reina,Bicicleta,false
1007,Gracia Olmo Caballero,Moto,true
1008,Aarón del Ruano,Auto,true
1009,Mirta Iñiguez Morales,Moto,true
1010,Jose Ignacio Molina Casado,Auto,false
1011,Azahar Bonet Donoso,Auto,false
1012,Eloísa Pou Gisbert,Auto,true
1013,Casemiro de Miró,Auto,true
1014,Calisto Cortina Ayllón,Bicicleta,true
1015,Gregorio Lorenzo Barceló,Auto,true
1016,Victoria Fuertes Arnal,Auto,false
1017,Geraldo Castellanos López,Moto,true
1018,Rosario de Bayona,Auto,true
1019,Dan Palacio Portillo,Moto,true
1020,Leticia Marquez,Bicicleta,true
1021,Juan José Aznar Puerta,Bicicleta,false
1022,Susanita del Alarcón,Auto,false
1023,Humberto Saez Gras,Moto,true
1024,Flavio Tristán Milla Vizcaíno,Bicicleta,true
1025,Felicidad Gonzalo Hernández,Bicicleta,true
1026,Eduardo de Taboada,Moto,false
1027,Ulises Juan José Álamo Domínguez,Moto,false
1028,Javiera María Dolores Noriega Barbero,Bicicleta,true
1029,Graciana Salmerón,Bicicleta,true
1030,Gala Oliveras Guijarro,Auto,false
1031,Lupe Egea Escobar,Bicicleta,true
1032,Anna Beltran Alcántara,Moto,false
1033,Onofre Julián-Barrio,Moto,true
1034,Miguela Bueno Ojeda,Moto,true
1035,Berta Armengol Espejo,Moto,true
1036,Anna del Muro,Auto,false
1037,Fortunato Exposito Villalba,Bicicleta,true
1038,Patricio Casares Porta,Bicicleta,true
1039,Geraldo Acedo,Auto,true
1040,Amor Vélez Maza,Bicicleta,false
1041,Margarita Cal Dávila,Auto,true
1042,Amarilis Medina,Bicicleta,true
1043,Tatiana Ferrera Requena,Auto,true
1044,Leocadia Aguilera Aragonés,Bicicleta,true
1045,Aarón Rosales Fuentes,Auto,true
1046,Eligio Escobar-Torrents,Bicicleta,false
1047,Carmina del Saez,Bicicleta,true
1048,Tomasa Iniesta Zabala,Moto,true
1049,Estela del Segovia,Moto,true
1050,Augusto René Aroca Pérez,Bicicleta,false
1051,Emilia Avilés Cueto,Auto,true
1052,Lope Izaguirre,Moto,true
1053,Feliciana Gascón Abella,Bicicleta,true
1054,Febe Aznar Abellán,Auto,false
1055,Gala Calatayud Cobos,Auto,false
1056,Yéssica Alba Frutos Mata,Moto,true
1057,Rafa Montero,Bicicleta,true
1058,Jose Ramón Gutiérrez Marin,Bicicleta,true
1059,Chus Millán Roca,Auto,false
1060,Remigio Martin Téllez,Bicicleta,true
1061,Nayara Adán Quintanilla,Moto,false
1062,Samanta de Soto,Auto,false
1063,Francisco Camino Zorrilla,Auto,false
1064,Carmelita Anguita Rios,Moto,false
1065,Severino Vallejo,Auto,true
1066,Jeremías Aranda Ríos,Auto,false
1067,Irene Montesinos-Higueras,Bicicleta,false
1068,Narcisa Noguera Márquez,Auto,true
1069,Áurea Bilbao Alegria,Bicicleta,true
1070,Marisol Cabañas Mendizábal,Auto,true
1071,Isidora Castellanos Maza,Bicicleta,true
1072,Pepito Morell Castell,Bicicleta,true
1073,Pacífica Alba,Auto,false
1074,Anastasia Acedo,Moto,true
1075,Isabel Beltran-Pol,Moto,true
1076,Osvaldo Valentín Navarro Leal,Moto,true
1077,Jordán Carranza Vicens,Bicicleta,true
1078,Jordi Bayón Montero,Auto,true
1079,Heliodoro Olivera-Cisneros,Auto,true
1080,Virgilio López Téllez,Auto,true
1081,Cándida Verdugo-Clemente,Bicicleta,false
1082,Edgardo Porcel Valbuena,Bicicleta,true
1083,Gertrudis Conesa Rico,Moto,true
1084,Renata Moliner Luís,Moto,true
1085,Roldán Zurita Landa,Auto,false
1086,Áurea de Melero,Bicicleta,true
1087,Ángel Marino Ferrero Guijarro,Bicicleta,false
1088,Quique de Solera,Moto,false
1089,Lisandro Egea Cerezo,Moto,true
1090,Godofredo Reguera Llamas,Auto,false
1091,Natalia Romeu Conde,Auto,false
1092,Regina Pujol Prats,Moto,true
1093,Zaira Lillo Barón,Moto,true
1094,Santos del Aragonés,Auto,true
1095,Demetrio de Aparicio,Auto,false
1096,Serafina Boix Carrillo,Bicicleta,false
1097,Irene Valcárcel Silva,Auto,false
1098,Apolonia Acosta Morán,Auto,true
1099,Fabiana Gaya Vives,Bicicleta,false
1100,Alondra Aguilar Salinas,Moto,true
1101,Abigaíl Aliaga Mariscal,Auto,true
1102,Venceslás Castañeda Valle,Moto,true
1103,Serafina Benito Machado,Auto,false
1104,Eloísa Torrents,Bicicleta,false
1105,Paz Pera Francisco,Bicicleta,true
1106,Benigna Becerra-Salcedo,Moto,false
1107,Benito Catalán Fortuny,Auto,true
1108,Pelayo Torrents Almeida,Bicicleta,false
1109,Pilar Suarez Galvez,Auto,true
1110,Prudencio Miralles Rosselló,Bicicleta,true
1111,Armida Ferrando Acevedo,Moto,true
1112,Florentino Bermejo,Bicicleta,false
1113,Cecilia Alberto Borrell,Moto,true
1114,Trinidad Teo Sancho Ramis,Auto,true
1115,Máxima Vázquez Bermejo,Moto,true
1116,Marianela Ordóñez Puig,Auto,true
1117,Clementina Emperatriz Lasa Higueras,Moto,true
1118,Raquel Cámara Pacheco,Auto,true
1119,Narciso Severiano Tur Cardona,Moto,false
1120,Benigno Vives-Sáez,Bicicleta,false
1121,Primitiva Andreu-Echeverría,Bicicleta,true
1122,Jose Carlos Silva Esteban,Bicicleta,false
1123,Fanny Ferrer Pedraza,Auto,true
1124,Remedios Cámara Batalla,Moto,false
1125,Lino Moraleda Redondo,Moto,true
1126,Miguela Batalla Echevarría,Moto,false
1127,Renato Arrieta Garzón,Moto,true
1128,Horacio Badía Ortiz,Bicicleta,false
1129,Loida Heras Montenegro,Bicicleta,false
1130,Jose Ignacio Castro Luján,Moto,false
1131,Marcial Ródenas Álvarez,Bicicleta,false
1132,Paulino Daza Nieto,Auto,true
1133,Javi Alberdi Giralt,Moto,false
1134,Filomena Gascón Rivera,Moto,false
1135,Ámbar Palacio Rovira,Bicicleta,true
1136,Custodia Pol-Reguera,Auto,false
1137,Benigno Darío Prado Mesa,Auto,false
1138,Paulina de Tudela,Auto,true
1139,Noé Reina Sanabria,Moto,false
1140,Reinaldo Palomar Capdevila,Auto,false
1141,Régulo Coll-Guijarro,Moto,false
1142,Leopoldo Sala Ochoa,Moto,true
1143,Macarena Arellano Sanz,Bicicleta,true
1144,Bonifacio Robledo Casares,Moto,true
1145,Valentín Buendía Mayol,Moto,true
1146,Ernesto Campo Flores,Moto,false
1147,Saturnina Vera Valverde Amaya,Bicicleta,false
1148,Amador Montero Isern,Bicicleta,true
1149,Alba Torrent Carreras,Auto,true
1150,Mateo Andreu Badía,Moto,true
1151,Ramón Vila Gimenez,Moto,false
1152,Lucho Pera,Moto,false
1153,Alma Pujadas Cid,Auto,true
1154,Geraldo Paz-Carvajal,Bicicleta,true
1155,Cristóbal Haro-Arnau,Moto,false
1156,Almudena Galvez Gárate,Auto,true
1157,Tere Salazar Aragón,Auto,true
1158,Darío Gallart Alfaro,Auto,false
1159,Ruth Bertrán-Armas,Auto,false
1160,Hugo del Colomer,Auto,false
1161,Juan Luis Márquez Córdoba,Bicicleta,true
1162,Gil Martorell Bernat,Auto,false
1163,Alejo Ojeda Canet,Bicicleta,true
1164,Pascuala Ruiz Estevez,Auto,true
1165,Azahar Pereira Pol,Auto,true
1166,Obdulia Bravo Pina,Bicicleta,false
1167,Carmela Camacho Carbó,Bicicleta,false
1168,Lope Blanco Portillo,Moto,false
1169,Diego Ayuso Pozuelo,Auto,false
1170,Rosenda Asensio Arteaga,Auto,true
1171,Cesar Valle Oller,Moto,false
1172,Nieves Quintero-Millán,Bicicleta,false
1173,Julián Arribas Soto,Auto,false
1174,Reyna Ramirez Redondo,Bicicleta,false
1175,Cecilia Nogués Pacheco,Bicicleta,true
1176,Aura Charo Ramis Dominguez,Auto,false
1177,Luis Carreño Matas,Bicicleta,false
1178,Julián Uriarte,Bicicleta,false
1179,Jacinta Diez-Estevez,Auto,true
1180,Verónica Pol Lillo,Moto,true
1181,Jose Carbonell Mariscal,Moto,true
1182,Donato Bernad Sanz,Auto,false
1183,Rosendo Roma,Bicicleta,false
1184,Marcela Serrano-Esteve,Bicicleta,false
1185,Martín Sacristán Vilaplana,Bicicleta,true
1186,Vicente Miguel Daza,Bicicleta,false
1187,Lalo Pont Román,Bicicleta,true
1188,Dalila Valenciano Sanmiguel,Moto,false
1189,Tomás López Gabaldón,Moto,true
1190,Pío Fajardo-Maestre,Bicicleta,false
1191,Efraín Quiroga-Roma,Moto,false
1192,María Carmen Bernal Zabaleta,Bicicleta,true
1193,Saturnino Yuste,Auto,false
1194,Adora Mancebo Llopis,Auto,false
1195,Juan José Barreda Roselló,Moto,true
1196,Zacarías Casal Bernal,Bicicleta,false
1197,Florina Viña Yáñez,Moto,false
1198,Aitana Fabregat Gallardo,Bicicleta,true
1199,Emiliano del Barros,Bicicleta,false
1200,Valeria Duque Fuertes,Bicicleta,true
1201,Cleto Ramos Puerta,Bicicleta,false
1202,Bernardo Ferrándiz Larrañaga,Auto,true
1203,Olalla Marin-Pozuelo,Bicicleta,false
1204,Cleto Figuerola Mateo,Bicicleta,true
1205,Ibán Flor-Hervás,Bicicleta,false
1206,Juana Perea Poza,Auto,false
1207,Abigaíl Aránzazu Alcalde Barón,Moto,false
1208,Martirio Jimenez Villalobos,Moto,false
1209,Laura Estrella Neira Castillo,Moto,false
1210,Eugenia Blasco Terrón,Moto,true
1211,Fito Ribas Borrás,Auto,true
1212,Amanda Lobato,Moto,true
1213,Lope Ballester Llabrés,Moto,false
1214,Flor Montaña-Muro,Auto,false
1215,Lope Toro,Moto,true
1216,René Barón Gimeno,Auto,true
1217,Adalberto Arco Priego,Moto,true
1218,Julián Garcia-Cañas,Bicicleta,false
1219,Paulino Moraleda Cabezas,Moto,false
1220,Victor Gracia Benet,Moto,false
1221,Cipriano Morán-Quevedo,Bicicleta,false
1222,Jose Francisco Arnau Capdevila,Bicicleta,true
1223,Sergio Colom Luz,Auto,false
1224,América Teresa Ureña Mármol,Auto,true
1225,Benigna Román Godoy,Moto,false
1226,Julio César Miranda Robledo,Auto,true
1227,Nydia Nilda Pablo Tello,Bicicleta,true
1228,José Ángel del Mas,Auto,true
1229,María Manuela Hernández,Moto,false
1230,Mireia Amarilis Hernandez Anguita,Moto,false
1231,Azahara Cabanillas Vigil,Moto,true
1232,Melisa Portero-Piñol,Auto,true
1233,Ignacia Claudia Casas Carbajo,Moto,true
1234,Adán Segismundo Céspedes Pizarro,Moto,true
1235,Ema Valenzuela Gallart,Auto,false
1236,Ani Ibáñez Vera,Moto,false
1237,Brígida Castellanos Pedraza,Moto,true
1238,Natalio del Requena,Bicicleta,true
1239,Bautista Viana,Auto,true
1240,Arturo Montesinos Dominguez,Moto,true
1241,Victoriano Morell Mayoral,Moto,false
1242,Otilia Sobrino Yuste,Bicicleta,false
1243,Victor Montaña,Auto,true
1244,Agapito Cárdenas Torrens,Bicicleta,false
1245,Albino Hilario Pascual Estrada,Moto,true
1246,Hector Tomas Rosselló,Auto,true
1247,Custodio Atienza-Real,Moto,true
1248,Agustina Feliu Dávila,Auto,true
1249,Brunilda del Campillo,Bicicleta,false
1250,Che Guzmán Benítez,Auto,false
1251,Pacífica Azcona Conde,Bicicleta,true
1252,Lourdes Aguilar,Moto,false
1253,Carmelo Lucas Carranza,Bicicleta,true
1254,Primitivo Calderon Pedrero,Auto,false
1255,Graciano Zamorano Jerez,Auto,true
1256,José María Heriberto Patiño Cuevas,Auto,false
1257,Cristian Huertas Martí,Moto,true
1258,Zaida de Castañeda,Auto,true
1259,Perlita Ponce Abellán,Auto,false
1260,Régulo Blanch Olmo,Moto,true
1261,Eva María Pascuala Casanovas Montalbán,Bicicleta,true
1262,Agustín Rodriguez Bayo,Bicicleta,false
1263,Marcia del Bolaños,Bicicleta,false
1264,Aurora Anunciación Alsina Acuña,Moto,true
1265,Guillermo Graciano Tolosa Ariza,Bicicleta,false
1266,Salvador del Manzano,Moto,false
1267,Mar Toledo Mascaró,Bicicleta,true
1268,Paz Pía Maza Menendez,Auto,false
1269,Ruth Paz Soriano Fuentes,Moto,true
1270,Estela Olivia Márquez Ariño,Bicicleta,true
1271,Félix Perelló Taboada,Bicicleta,true
1272,Fátima Miró Alsina,Moto,true
1273,Andrés Felipe Padilla Martinez,Moto,false
1274,Pía Zorrilla Mate,Moto,false
1275,Concha Padilla Gimenez,Auto,true
1276,Nico Busquets Cueto,Auto,true
1277,Cándida Gaya-Arcos,Auto,false
1278,Domitila Paniagua Vizcaíno,Bicicleta,false
1279,Mireia de Soriano,Auto,false
1280,Jose Vicente,Moto,true
1281,Aristides Arregui Bellido,Auto,false
1282,Aurelia Rincón Prats,Bicicleta,true
1283,Otilia Martín Ropero,Auto,false
1284,Rafa Antón Borrell,Moto,true
1285,Alondra Vera Rius,Moto,false
1286,Albano Casas Ariño,Moto,true
1287,Emilio Rebollo Armengol,Auto,false
1288,Angelina Alemany,Auto,true
1289,Claudio Beltran Valls,Auto,true
1290,José Ángel Carranza Arévalo,Moto,false
1291,Edu Salom Adadia,Moto,true
1292,Danilo Gracia Raya,Moto,true
1293,Aureliano de Casanovas,Bicicleta,true
1294,Dani Tur Angulo,Moto,false
1295,Samu Zaragoza Izquierdo,Bicicleta,false
1296,Eligia Expósito Campoy,Moto,false
1297,Guiomar Victorino Salazar Mancebo,Moto,true
1298,Andrés Felipe Seco Prats,Moto,true
1299,Emilio Reig Gomila,Auto,false
1300,Verónica Pou Cáceres,Bicicleta,true
1301,Fulgencio Batalla Morillo,Bicicleta,false
1302,Emiliana Badía-Asensio,Auto,false
1303,Prudencio Casals Gibert,Moto,false
1304,Isabel Consuela Elorza Colomer,Bicicleta,true
1305,Lara Ordóñez,Auto,true
1306,Donato Carlos Calleja Escamilla,Auto,true
1307,Bibiana de Santamaría,Moto,true
1308,Berta Royo Acuña,Bicicleta,false
1309,Valerio Cañete-Riera,Moto,true
1310,Sandra Amador Tejera,Moto,false
1311,Celia Regina Clemente Pina,Auto,false
1312,Aurora Núñez Armas,Auto,true
1313,Wilfredo Valbuena Garcia,Auto,true
1314,Silvio Cabanillas Soto,Moto,false
1315,Josefa Mateo Peñalver,Moto,false
1316,Guiomar Campoy Cepeda,Bicicleta,true
1317,Primitivo Tolosa,Moto,false
1318,Cayetana Beltran Balaguer,Bicicleta,true
1319,Asdrubal Robledo-Alberto,Auto,false
1320,Wilfredo Bosch Morales,Auto,false
1321,René Mayoral,Bicicleta,false
1322,Simón Huguet Cantero,Moto,true
1323,Melania Remedios Exposito Vilaplana,Bicicleta,true
1324,Eugenia Aroca Mariscal,Moto,true
1325,Merche Arias Carreño,Bicicleta,true
1326,Diego Perales Elorza,Bicicleta,true
1327,Cesar Pellicer Aller,Moto,true
1328,Herberto Santamaría Frutos,Auto,false
1329,Tania Alarcón,Bicicleta,true
1330,Leonardo Riquelme Plaza,Moto,false
1331,Rosalva Trujillo-Prieto,Moto,true
1332,Erasmo Cardona,Moto,true
1333,Juan Luis Carpio-Arregui,Bicicleta,true
1334,Miguel Bernad-Serna,Bicicleta,false
1335,Iván Benito Corral,Bicicleta,false
1336,Nereida de Seguí,Moto,false
1337,Milagros Casals Gallart,Bicicleta,false
1338,Martirio Córdoba Bernad,Auto,true
1339,Cleto Huertas,Bicicleta,true
1340,Valerio Molins Diego,Auto,false
1341,Cristian Blanes Garrido,Moto,false
1342,Augusto Guzmán Garmendia,Bicicleta,true
1343,Lupe de Alemany,Bicicleta,false
1344,Ruperta Exposito Cases,Moto,true
1345,Jessica de Rincón,Bicicleta,false
1346,Amador Aragonés Castells,Auto,false
1347,Nicanor Nieto Osorio,Bicicleta,true
1348,Isaac Ortiz-Arias,Auto,false
1349,Gilberto Zabaleta Landa,Auto,false
1350,Elisabet del Nadal,Bicicleta,false
1351,Jenny Asenjo Galindo,Moto,false
1352,Adalberto del Agustín,Bicicleta,true
1353,Nicolasa Mora Carnero,Moto,false
1354,Domingo Ruperto Rosell Bernad,Moto,false
1355,Paco Otero Carro,Bicicleta,true
1356,Jimena Figueras Reyes,Auto,true
1357,Leandro Arnau Fuentes,Auto,true
1358,Juanito Recio Baeza,Moto,false
1359,Cándido de Cabrero,Bicicleta,false
1360,Joan Egea-Mancebo,Moto,false
1361,Macaria Vara Jurado,Auto,false
1362,Buenaventura Durán Robledo,Moto,false
1363,Pepito Lago Uribe,Bicicleta,false
1364,Cecilia Martinez Patiño,Bicicleta,true
1365,Juan Luis Llobet-Losada,Auto,false
1366,Mirta Rosales Gomila,Bicicleta,true
1367,Chus del Aguiló,Bicicleta,true
1368,Ciro Rovira Abril,Bicicleta,true
1369,Sandalio Chus Aguilar Alcalde,Bicicleta,false
1370,Seve Pujadas-Casas,Moto,true
1371,Verónica Salvador Cisneros,Auto,true
1372,Nilo Quirós Mur,Moto,false
1373,Carlos Nebot Solís,Auto,false
1374,Albina Leiva Mascaró,Moto,false
1375,Custodia Cepeda-Santana,Auto,false
1376,Damián Guerrero,Moto,true
1377,Emiliano Barroso Rojas,Bicicleta,false
1378,Timoteo Diéguez Roselló,Moto,false
1379,Yago Mateo Cantero,Bicicleta,true
1380,Cecilio Llamas,Moto,true
1381,Nilda Tena Cervera,Moto,true
1382,Adriana Vives Valenzuela,Moto,false
1383,Felipe Bustamante Llorente,Moto,false
1384,Dafne Ayuso Torrecilla,Bicicleta,true
1385,Pablo Pacheco-Somoza,Moto,false
1386,Ildefonso de Castell,Moto,false
1387,Ligia Soler,Moto,true
1388,Milagros Miguel-Silva,Moto,true
1389,Florencio Seguí Pera,Moto,true
1390,Celestino Catalán Garriga,Moto,false
1391,Aurelio Amador Julián,Moto,true
1392,Nerea Cepeda Blanch,Bicicleta,true
1393,Ligia Caparrós Sastre,Auto,false
1394,Macarena Paz Albero Almeida,Auto,true
1395,Albino Wálter Perea López,Bicicleta,true
1396,Rosalina Ballester Alsina,Bicicleta,true
1397,Anita Álamo Llabrés,Bicicleta,false
1398,Cristóbal del Hervia,Moto,true
1399,Irma Llopis Domingo,Bicicleta,false
1400,Abel de Olivares,Bicicleta,true
1401,Dolores Ferrándiz,Auto,true
1402,Narcisa Lerma-Crespi,Bicicleta,true
1403,Marta Ojeda Coll,Auto,false
1404,Gertrudis de Verdejo,Auto,false
1405,Jonatan Gargallo Gisbert,Moto,false
1406,Itziar Alemán Riba,Moto,false
1407,Sabina del Lucas,Auto,false
1408,Francisco Jose del Navarro,Moto,true
1409,Primitiva Ricarda Anaya Quirós,Auto,false
1410,Camila Amorós Miranda,Moto,false
1411,Bienvenida Prieto Planas,Bicicleta,true
1412,Úrsula de Segura,Moto,false
1413,Sofía Huerta,Bicicleta,false
1414,Encarnación Campo Perez,Bicicleta,false
1415,Eva Echeverría Aroca,Moto,false
1416,Agustín Francisco Solera,Auto,false
1417,Gertrudis Montaña Aroca,Bicicleta,false
1418,Felicia Calderón Salom,Bicicleta,true
1419,Tomás Ródenas Salgado,Auto,false
1420,Gertrudis Matas Peral,Auto,true
1421,Dafne Ojeda Sedano,Moto,false
1422,Milagros Hervia Perea,Moto,true
1423,Guadalupe Mulet Ricart,Bicicleta,true
1424,Vicente Millán Alemany,Auto,true
1425,Alejo Badía Sanmiguel,Auto,false
1426,Natividad López,Auto,false
1427,Mariano Pujadas Falcón,Moto,true
1428,Encarnacion Abad Castellanos,Auto,false
1429,Encarna Torres Cañellas,Moto,false
1430,Maximino Arregui Hernandez,Moto,true
1431,Paz Antúnez Peinado,Auto,true
1432,Noemí Cánovas Diego,Auto,false
1433,Armida Alcolea Toro,Auto,true
1434,Íñigo de Moraleda,Auto,false
1435,Flora Leticia Higueras Huertas,Moto,true
1436,Vicenta Úrsula Larrañaga Cuéllar,Auto,true
1437,Casemiro Castejón Manrique,Auto,true
1438,Ana del Roca,Auto,false
1439,Águeda Carmona Cobo,Bicicleta,false
1440,Rafael Heredia Menendez,Bicicleta,false
1441,Joaquina Nicolau Azcona,Bicicleta,false
1442,Alberto Acevedo Galindo,Bicicleta,true
1443,Juliana Alcántara,Bicicleta,true
1444,Flavio Yuste Aramburu,Auto,false
1445,Fausto Salamanca Mas,Moto,false
1446,Jesús Serna Bastida,Bicicleta,false
1447,Nicolás Alcolea Alonso,Bicicleta,false
1448,Alfonso Barón Pedrero,Auto,false
1449,Natanael de Nogués,Moto,false
1450,Tiburcio del Mosquera,Moto,false
1451,Arsenio José Mari Pineda Cabañas,Bicicleta,true
1452,Venceslás Cabanillas Macias,Auto,false
1453,Antonio Rovira Aguirre,Moto,true
1454,Julieta Martínez Conesa,Auto,false
1455,Abigaíl Priego,Bicicleta,true
1456,Sarita Rosell Oliveras,Bicicleta,false
1457,Nando Castells Mateo,Bicicleta,false
1458,Ema Cabo Miró,Auto,false
1459,Omar de Tenorio,Bicicleta,false
1460,Candelaria Álamo-Clemente,Moto,true
1461,Liliana Arellano Giménez,Bicicleta,false
1462,Almudena del Guerrero,Moto,true
1463,Herberto Falcó Sacristán,Auto,false
1464,Marisa Toledo,Moto,true
1465,Alma Planas Acosta,Auto,true
1466,Jordán del Almazán,Auto,true
1467,Juliana Leire Mayoral Alfonso,Moto,false
1468,Mercedes Martín Juárez,Auto,false
1469,Lisandro Morata Benito,Moto,true
1470,Ibán Cid Asensio,Moto,false
1471,Jerónimo Sureda Cañas,Bicicleta,false
1472,Yésica Hoyos Posada,Bicicleta,false
1473,Maribel Toledo Piña,Bicicleta,true
1474,Azucena Pinto Becerra,Moto,false
1475,Faustino Cal Gascón,Bicicleta,false
1476,Maristela Rincón Crespo,Auto,true
1477,Gregorio Lara Leal,Bicicleta,false
1478,Rodolfo Font Matas,Bicicleta,false
1479,Marita Noa Iborra Roig,Auto,true
1480,Josep Acevedo Melero,Auto,true
1481,Bienvenida Antón Simó,Auto,true
1482,Seve Venceslás Montenegro Mosquera,Moto,true
1483,Teodora Bejarano Caro,Bicicleta,false
1484,Flavio Pi Nogués,Bicicleta,true
1485,Teodosio Vaquero Larrañaga,Bicicleta,false
1486,Loida Ferrando Naranjo,Auto,true
1487,Lina José Lumbreras Macias,Bicicleta,true
1488,Alcides Castillo Somoza,Moto,true
1489,Calixto de Vendrell,Bicicleta,false
1490,Yolanda Millán Valle,Moto,true
1491,Olga Valencia Mena,Moto,false
1492,Anastasia Fuertes Caparrós,Bicicleta,true
1493,Teófilo Colomer Rojas,Moto,false
1494,Lupe Anglada-Lorenzo,Auto,true
1495,Nando Vizcaíno Alarcón,Bicicleta,false
1496,Ani Larrañaga,Bicicleta,false
1497,Chema Ávila Arana,Bicicleta,true
1498,Fidela Carlota Anaya Pintor,Bicicleta,true
1499,Pascuala Gimeno Guillén,Auto,true
1500,Felipa Aura Valenciano Torrents,Auto,false
1501,Concepción de Aguirre,Moto,true
1502,Gloria Lumbreras Serrano,Auto,true
1503,Ariel Moles Tormo,Bicicleta,false
1504,Felisa Tejero Busquets,Moto,false
1505,Mateo Saturnino Fábregas Serrano,Auto,true
1506,Virgilio Galán Piña,Moto,true
1507,Pacífica Cuadrado Barrera,Bicicleta,false
1508,Bienvenida Casal Grau,Auto,false
1509,Desiderio Téllez Lumbreras,Auto,false
1510,Tomás Echevarría León,Auto,false
1511,Emperatriz Calatayud Ruiz,Bicicleta,false
1512,Esteban Requena Alonso,Moto,true
1513,Áurea Plaza Vilanova,Bicicleta,false
1514,Juana Estrada Fabregat,Auto,true
1515,Gema Caro Sebastián,Moto,false
1516,Amador de Iborra,Auto,false
1517,Angelina Pi Marín,Auto,true
1518,Baltasar Acedo Terrón,Moto,false
1519,Leonor Vila Company,Bicicleta,false
1520,Octavia Paloma Urrutia Lago,Bicicleta,true
1521,Milagros Vázquez Arribas,Moto,false
1522,Guadalupe Montserrat Carballo,Moto,true
1523,Esteban Folch Puente,Auto,true
1524,Juan Luis del Rios,Moto,false
1525,Roberta de Salas,Moto,false
1526,Trinidad Palomino Exposito,Moto,true
1527,Isidoro Flores,Moto,false
1528,Máximo Huguet Costa,Moto,false
1529,Salud Abellán Lledó,Auto,false
1530,Fabio Saldaña,Bicicleta,true
1531,Francisco Jose Roman Aguilera,Bicicleta,true
1532,Encarnita Castañeda-Camps,Bicicleta,true
1533,Rafa Rincón-Beltran,Moto,true
1534,Delia Pineda Campos,Moto,false
1535,Máxima Reig-Cabrero,Auto,false
1536,Manolo Rosendo Torrens Calvet,Bicicleta,true
1537,Ernesto Plana Acuña,Auto,true
1538,Flor Jara Barroso,Auto,true
1539,Elisabet Ugarte Uribe,Moto,false
1540,Angelina Casas Otero,Auto,false
1541,Elpidio Revilla Torrens,Auto,true
1542,Ruy Jimenez,Auto,true
1543,Josefa Iborra Carbó,Moto,true
1544,Jacinta Rosales-Bas,Moto,true
1545,Rosaura Peralta Pedro,Bicicleta,true
1546,Natanael Palomo-Espada,Bicicleta,false
1547,Benjamín Plana Coca,Auto,false
1548,Carolina Mena Álvarez,Bicicleta,false
1549,Almudena Osuna Benítez,Bicicleta,true
1550,Araceli Alfonso Planas,Auto,true
1551,Julio César Márquez Hurtado,Moto,false
1552,Óscar Vera Ferrán,Auto,false
1553,Melisa Barreda Amo,Moto,true
1554,Adalberto Llorens Paz,Auto,true
1555,Encarnacion Dafne Clemente Bilbao,Auto,true
1556,Javi Ramis-Aramburu,Moto,false
1557,Fabiana Capdevila Rios,Bicicleta,true
1558,Porfirio Trillo Cañas,Bicicleta,false
1559,Amparo Mariscal Duran,Moto,true
1560,Adelardo Zaragoza,Moto,false
1561,Ruth Marti,Auto,false
1562,Eliana Bernarda Taboada Ortega,Bicicleta,false
1563,Fabricio Barriga Mulet,Bicicleta,true
1564,Abril Madrid-Lopez,Auto,true
1565,Primitiva Roselló Francisco,Auto,false
1566,Fausto de Becerra,Auto,false
1567,Fabián Germán Gómez Galán,Auto,false
1568,Eloy de Barba,Bicicleta,false
1569,Bruno Benitez Coronado,Bicicleta,false
1570,Adora Santana Aguilera,Auto,true
1571,Encarna Román Manuel,Bicicleta,true
1572,Marta Gutierrez Batlle,Bicicleta,true
1573,Dimas Abella Recio,Moto,false
1574,Cloe Renata Pla Lorenzo,Bicicleta,true
1575,Luis Miguel del Arcos,Moto,false
1576,Luisina Armengol Ferrando,Moto,true
1577,Samuel Octavio Pedro Martínez,Auto,true
1578,Nazaret Pepita Mas Quintero,Auto,false
1579,Manu Giralt-Montaña,Moto,false
1580,Ale Tovar Soler,Bicicleta,false
1581,Jacinta Blanch Rocamora,Moto,false
1582,Jaime Falcó Tejada,Auto,true
1583,Ema Monreal Aguilar,Bicicleta,true
1584,Lupe Pinto Linares,Moto,false
1585,Tadeo Ángel Bermejo Peñalver,Moto,true
1586,Graciana Torrens,Moto,false
1587,Fátima Bustos Galan,Bicicleta,false
1588,Alejandro Duran Lumbreras,Bicicleta,false
1589,Renata Arregui-Río,Bicicleta,false
1590,Lisandro Riera Pedro,Moto,true
1591,Flor Lloret Herrero,Moto,false
1592,Candelario Benitez Company,Bicicleta,false
1593,Clarisa Niño Alegria,Moto,false
1594,Plácido Dan Ballesteros Céspedes,Auto,true
1595,Amor Bonilla,Bicicleta,false
1596,Guadalupe del Torrecilla,Bicicleta,false
1597,Alonso Burgos Losa,Bicicleta,false
1598,Carmina Egea Ripoll,Auto,false
1599,Gregorio Samuel Palomino Vives,Auto,true
1600,Alondra Fanny Maldonado Alemán,Bicicleta,true
1601,Javi Herrero Garay,Auto,true
1602,Mohamed Santos Silva,Auto,true
1603,Hilario Baeza Gomez,Moto,false
1604,Tristán Vaquero Cabeza,Moto,true
1605,Teófilo Raya Mercader,Moto,true
1606,Arturo Cuéllar Peñalver,Moto,true
1607,Fernanda Cuevas Bou,Bicicleta,true
1608,Celia Jenny Verdú Gelabert,Auto,true
1609,Galo Sanabria Rosado,Moto,false
1610,Eva Azucena Villar Benitez,Moto,true
1611,Noemí Ribas Noguera,Bicicleta,true
1612,Carolina del Domínguez,Moto,false
1613,Azucena Pascual Calvo,Bicicleta,true
1614,Gervasio Cámara Olivé,Auto,false
1615,Sigfrido Valverde,Moto,false
1616,Rico Haroldo Sáez Ordóñez,Moto,false
1617,María Llanos Carvajal,Moto,false
1618,Montserrat Juanita Arteaga Heredia,Bicicleta,false
1619,Flavia Emilia Sánchez Alvarado,Auto,false
1620,Feliciano Alba,Bicicleta,true
1621,Ramona del Collado,Moto,false
1622,Paulina Ortuño Llabrés,Auto,true
1623,Sol Pareja,Auto,true
1624,Evita África Pomares Planas,Bicicleta,false
1625,Calisto Flores-Rovira,Auto,false
1626,María Del Carmen Rosenda Parejo Sanchez,Bicicleta,true
1627,Belén Alvarez Conde,Auto,true
1628,Omar Villalba Iniesta,Auto,false
1629,Nazaret Cifuentes Nevado,Bicicleta,true
1630,Gastón Dominguez-Posada,Moto,true
1631,Eutimio Bayona,Auto,false
1632,Leoncio Carpio Mendoza,Bicicleta,false
1633,Adriana Baños Campillo,Bicicleta,false
1634,Bartolomé Ros Torralba,Auto,true
1635,Victoriano Riba Suarez,Auto,true
1636,Dalila Asensio Alberdi,Bicicleta,true
1637,Edgardo Mateu Carbajo,Bicicleta,false
1638,Eugenio Jordán Marí,Auto,false
1639,Blanca Lozano Benavides,Bicicleta,true
1640,Berto Quesada Soto,Moto,true
1641,Brunilda Alcalde Piñeiro,Auto,false
1642,Inocencio Castells Ferrández,Bicicleta,true
1643,Chema Crespi Orozco,Bicicleta,false
1644,Calisto Gil Boada,Auto,true
1645,Liliana Quesada Torralba,Bicicleta,false
1646,Dora de Villalba,Auto,false
1647,Rosaura Alcázar Naranjo,Bicicleta,false
1648,Reyes Egea Ramos,Moto,true
1649,Ernesto Millán Ibarra,Bicicleta,false
1650,María Belén Toledo Olivera,Bicicleta,false
1651,Diana Tejedor,Bicicleta,false
1652,Mar Delgado Bosch,Moto,false
1653,Isidro Castell Ferrándiz,Bicicleta,true
1654,Fulgencio Roura España,Bicicleta,false
1655,Laura Garmendia Saavedra,Bicicleta,false
1656,Wilfredo Puente Nebot,Auto,false
1657,Rita de Palomo,Bicicleta,false
1658,Aristides Clavero Montero,Bicicleta,true
1659,Eva Gutierrez Jover,Auto,true
1660,Martin de Paz,Auto,true
1661,Isaura Narváez Nevado,Auto,true
1662,Heriberto Company Capdevila,Moto,true
1663,Úrsula Jimenez,Moto,false
1664,Jesusa Mora,Bicicleta,true
1665,Leonel Agustí-Guillén,Auto,true
1666,Luz del Salamanca,Bicicleta,false
1667,José del Fuertes,Auto,false
1668,Patricio León,Bicicleta,true
1669,Albano Nogués Torre,Auto,false
1670,Eusebio Vicente Calderón,Bicicleta,false
1671,Roberta Moll Gonzalo,Bicicleta,true
1672,Reinaldo Rincón Leon,Bicicleta,true
1673,Rolando Escolano-Moraleda,Auto,true
1674,Nilo Estevez Ochoa,Bicicleta,false
1675,Luisa Castelló Lara,Moto,false
1676,Amanda del Beltrán,Auto,false
1677,Albert Cano Martorell,Bicicleta,false
1678,Plinio Sales Pujadas,Moto,false
1679,Anna Cantero Peñalver,Moto,true
1680,Quirino del Hierro,Auto,true
1681,Alfredo Ugarte Monreal,Moto,true
1682,Nazaret Madrigal Roura,Bicicleta,false
1683,Mercedes Cabeza Campo,Moto,true
1684,Marisa Gilabert,Bicicleta,true
1685,Sebastián Huerta Benavent,Moto,false
1686,León Teruel-Arteaga,Moto,false
1687,Emelina Sans Pedraza,Auto,false
1688,Ibán Nevado Torrijos,Moto,false
1689,Emma Vargas Sola,Bicicleta,true
1690,Mireia Morillo Pombo,Moto,false
1691,Esther Campillo Alonso,Moto,false
1692,Lucía Saez Aguado,Moto,false
1693,Noelia Villena Martin,Auto,false
1694,Fito Zabala-Amorós,Moto,true
1695,Dalila del Iniesta,Auto,false
1696,Amanda Herranz Ibarra,Auto,true
1697,Benjamín Iriarte García,Auto,true
1698,Adelaida Galán Osorio,Moto,true
1699,Noemí Lamas Esparza,Auto,false
1700,Adelia Guerrero,Moto,true
1701,Angelita Sebastián Jover,Moto,false
1702,Dalila Dafne Barbero Barbero,Bicicleta,true
1703,Abigaíl Garzón Álvaro,Moto,true
1704,Gabriel Reguera-Villar,Moto,true
1705,Matilde Alcalá-Fabra,Auto,true
1706,Guillermo Zaragoza Higueras,Bicicleta,false
1707,Goyo Rebollo-Román,Moto,true
1708,Luna Villalba Jaén,Auto,true
1709,Soraya Caro,Auto,true
1710,Mayte Cisneros-Gisbert,Bicicleta,false
1711,Vinicio del Miralles,Bicicleta,true
1712,Tiburcio Peinado Ripoll,Moto,false
1713,Mauricio Vaquero Pedrosa,Auto,true
1714,Fabián Eloy Mosquera Arco,Moto,true
1715,Julie Batlle,Bicicleta,true
1716,Carolina Ramón Amat,Moto,true
1717,Rosario Santamaría,Moto,false
1718,Alfredo Huertas-Maldonado,Bicicleta,true
1719,Magdalena Gil Cánovas,Bicicleta,false
1720,Toño Real Perelló,Auto,false
1721,Palmira Moreno Porta,Auto,true
1722,Virgilio Boada Duran,Bicicleta,true
1723,Jordi Amor,Bicicleta,false
1724,Epifanio Julián Fernandez,Auto,false
1725,Belén de Carbonell,Auto,false
1726,Olimpia Galán Alcántara,Bicicleta,true
1727,Telmo Andreu Jódar,Auto,true
1728,Edmundo Mosquera-Mendez,Bicicleta,true
1729,Vito Gisbert Alcaraz,Auto,false
1730,Paulino González Calderón,Auto,false
1731,Teresa Prado,Bicicleta,true
1732,Isidro Gonzalo Herrero,Bicicleta,false
1733,Darío Duran,Auto,false
1734,Mario Ciriaco Lladó Tenorio,Moto,false
1735,Andrés de Lillo,Auto,false
1736,Octavio Canales Almansa,Moto,false
1737,Zacarías Ferrández Osuna,Bicicleta,false
1738,Antonio Hernán Jordán Carrillo,Moto,true
1739,Valeria Ariza Vendrell,Moto,false
1740,Valeria Rosa Villaverde,Bicicleta,true
1741,Purificación de Daza,Moto,false
1742,Iris Valeria Angulo Alberola,Moto,true
1743,Adán del Garzón,Auto,true
1744,Aroa Charo Zapata Mena,Bicicleta,false
1745,Gustavo Núñez Carreras,Moto,true
1746,Maite Cánovas Barreda,Auto,true
1747,Jose Francisco Buendía-Martí,Auto,false
1748,Isidora Farré Roman,Auto,true
1749,Serafina del Luque,Auto,false
1750,Modesta Ariño Gual,Moto,false
1751,Geraldo Calderon Almansa,Bicicleta,true
1752,Remigio Cáceres Gelabert,Bicicleta,false
1753,Valentín de Quintana,Auto,true
1754,Ximena Mascaró Lara,Bicicleta,false
1755,Xavier Ferrán Herranz,Moto,true
1756,Custodia Páez-Salgado,Bicicleta,true
1757,Milagros Domínguez Benet,Bicicleta,false
1758,Sergio Amador,Moto,false
1759,Agustina Terrón Paz,Moto,true
1760,Jenny del Olivera,Moto,true
1761,Miguel Ángel Ramón-Vázquez,Bicicleta,true
1762,Eustaquio Baena Palomar,Auto,true
1763,José Manuel Mayoral Carrera,Moto,true
1764,Moreno Diaz-Jimenez,Bicicleta,true
1765,Mireia Chico Zorrilla,Moto,true
1766,Soledad de Pou,Auto,true
1767,Ciriaco Perales Pou,Moto,true
1768,Fulgencio Guerra Prada,Moto,true
1769,Anna Rita Zaragoza Burgos,Bicicleta,false
1770,Nélida de Rubio,Moto,false
1771,Anunciación Villaverde Zamorano,Moto,false
1772,Chus Juliá,Bicicleta,false
1773,Adriana Polo Calderon,Auto,false
1774,Rosalinda Julián-Gracia,Moto,true
1775,Noa Araceli Almagro Borja,Moto,false
1776,Alicia Rosalva Garrido Lara,Moto,true
1777,Nacho Ordóñez,Bicicleta,true
1778,Oriana Escolano,Moto,false
1779,Maricela Bernat,Auto,true
1780,Herminia Martorell Luís,Moto,true
1781,Jimena del Sierra,Bicicleta,false
1782,Ariel de Escudero,Bicicleta,true
1783,Encarnacion Gallego Dalmau,Moto,false
1784,Anastasio Hervia Carreras,Bicicleta,true
1785,Dionisio Cuenca Hernandez,Bicicleta,true
1786,Hector Solano Pareja,Moto,false
1787,Guiomar Carranza Elorza,Auto,false
1788,Bonifacio Galán Bru,Bicicleta,false
1789,Cornelio del Criado,Moto,true
1790,Abraham Sosa Madrigal,Moto,true
1791,María Gordillo Rozas,Moto,true
1792,Sergio Duran Tudela,Moto,false
1793,Edgardo Manu Ayala Robles,Auto,false
1794,Inés Águila Arjona,Bicicleta,false
1795,Tiburcio Bárcena Malo,Auto,true
1796,Pelayo Carballo-Oller,Moto,false
1797,Heriberto Trillo-Armas,Auto,false
1798,Gilberto Abascal-Gras,Auto,true
1799,Ani Puig Araujo,Bicicleta,true
1800,Perlita Armengol Montaña,Bicicleta,false
1801,Martin Uriarte-Juan,Bicicleta,true
1802,Ruben del Cañas,Bicicleta,false
1803,Ana Esther Río Benitez,Bicicleta,true
1804,Balduino Monreal Valderrama,Bicicleta,true
1805,Sara Llorens Antón,Auto,false
1806,Inocencio Duque,Bicicleta,false
1807,Manuela Carmona-Sanjuan,Moto,true
1808,Raimundo Ramos Leon,Moto,false
1809,Guadalupe Carro Oller,Auto,true
1810,Jovita Mir Vendrell,Bicicleta,false
1811,Juan Antonio Fernández Pereira,Auto,true
1812,Coral Escolano-Amorós,Bicicleta,false
1813,Herminia Valcárcel Oliver,Bicicleta,true
1814,Albano de Coello,Auto,false
1815,Aránzazu Morata Dominguez,Bicicleta,true
1816,Jose del Sans,Auto,true
1817,Flavia de Luque,Moto,true
1818,Isa Rivera Carreño,Moto,false
1819,Beatriz Haro,Moto,false
1820,Celia Escalona Perea,Bicicleta,true
1821,Consuela de Salvador,Moto,false
1822,Jovita Carreras Sevillano,Bicicleta,false
1823,Carolina de Luján,Moto,false
1824,América Sastre Gomez,Bicicleta,true
1825,Rita Belda-Ramirez,Bicicleta,true
1826,Marisela Guillen Alba,Moto,true
1827,Zaira Cózar Bosch,Moto,true
1828,Eugenia Raya Villalba,Bicicleta,false
1829,Reynaldo Perez Fonseca,Auto,false
1830,Ciro Llorente Vicente,Bicicleta,false
1831,Odalis Almazán Piñol,Moto,false
1832,Luciano Castrillo Izquierdo,Bicicleta,true
1833,Armando Villalba Cerezo,Auto,true
1834,Bernardo Maestre Gibert,Bicicleta,true
1835,Silvio Carranza Poza,Auto,true
1836,Zoraida Manuel Mosquera,Bicicleta,false
1837,Rita Puig Beltrán,Auto,false
1838,Débora Arenas,Auto,false
1839,Almudena Pinedo-Valencia,Bicicleta,false
1840,Felipa Lladó Acuña,Auto,true
1841,Tomasa Ibañez Gelabert,Moto,true
1842,Samanta Noriega Valdés,Moto,true
1843,Luisina Carrillo Palmer,Moto,false
1844,Perlita Nayara Cortés Landa,Moto,false
1845,Juan Manuel Díaz-Sáez,Auto,true
1846,Dorotea Consuelo Bayona Rivera,Moto,true
1847,Alejandra Sara Palacios Figueras,Auto,false
1848,Tamara Monreal Rosell,Bicicleta,false
1849,Priscila Sanmartín Estrada,Bicicleta,false
1850,Dolores Perla Hoyos Ayllón,Moto,true
1851,Baldomero del Pozuelo,Bicicleta,true
1852,Gaspar Saez-Terrón,Auto,false
1853,Pelayo Esparza Jiménez,Bicicleta,true
1854,Concepción Silvia Arnau Aguirre,Moto,true
1855,Eloy Elorza Guzmán,Auto,true
1856,Juan Antonio Iñiguez Gabaldón,Bicicleta,false
1857,Encarnita Aragonés,Auto,false
1858,Susana Bibiana Losa Gallart,Auto,true
1859,Odalys Blázquez Calleja,Bicicleta,true
1860,Trinidad Balaguer,Bicicleta,true
1861,Anselma Oliver,Auto,true
1862,Chus Alonso Solano,Auto,true
1863,Maximiano Ugarte-Pino,Auto,true
1864,Chus Dominguez Rincón,Auto,false
1865,Fátima de Bustamante,Bicicleta,false
1866,René de Francisco,Bicicleta,true
1867,Angélica Sureda Fuster,Moto,true
1868,Maristela Donaire Baquero,Bicicleta,false
1869,Mateo de Vargas,Bicicleta,true
1870,Ambrosio Modesto Tapia Bermudez,Moto,true
1871,Angelino Quintanilla,Moto,true
1872,Griselda Leon-Mateos,Auto,false
1873,Leandro Paredes Requena,Moto,false
1874,Salomé Mas,Auto,false
1875,Mayte Mas Garrido,Bicicleta,false
1876,Ariadna del Pla,Bicicleta,false
1877,Tatiana Jordán Royo,Moto,true
1878,Juan Carlos Bauzà Cabrera,Auto,true
1879,Germán Calderon-Piñeiro,Moto,false
1880,Eliana Roldán Talavera,Moto,false
1881,Narciso Marin Miranda,Bicicleta,false
1882,Fortunata Feliu Alsina,Bicicleta,false
1883,Juan Pablo del Marquez,Bicicleta,true
1884,Mercedes Tirado-Sainz,Auto,false
1885,Brunilda Mata Aguiló,Auto,true
1886,Lisandro Casals,Moto,false
1887,Zaida Arco Soriano,Bicicleta,true
1888,Vera Borja Canet,Auto,false
1889,Lope Granados Prado,Bicicleta,false
1890,Régulo Acosta Noriega,Moto,true
1891,Priscila del Lumbreras,Moto,false
1892,Calista Pedrero Ortuño,Bicicleta,true
1893,Blas Parejo Estévez,Bicicleta,true
1894,Zaida Matas-Luján,Auto,false
1895,Susanita Carpio Cortes,Auto,true
1896,Manuel Lorenzo Carpio,Moto,true
1897,Beatriz Barrera Nadal,Bicicleta,true
1898,Leocadia Tamayo Vilaplana,Moto,true
1899,Fabricio Ledesma-Gallo,Moto,false
1900,Silvio Ramirez Paz,Bicicleta,true
1901,Casemiro Galan-Garay,Moto,true
1902,Loida Jerez Buendía,Moto,false
1903,Aarón Simó Muro,Moto,true
1904,Amaro Roberto Carlos Alberdi,Bicicleta,false
1905,María Luisa Ugarte Lamas,Auto,false
1906,Aura de Oller,Moto,false
1907,Emiliana Piquer Muñoz,Moto,true
1908,Gonzalo de Rey,Auto,false
1909,Marcos Giralt-Garrido,Auto,false
1910,Marita de Vazquez,Auto,false
1911,Ximena Hidalgo Domínguez,Auto,false
1912,Hermenegildo Silva Marco,Auto,false
1913,Fabián Aragón Lledó,Moto,true
1914,Olga Isern,Moto,true
1915,Telmo José María Morell Montero,Auto,false
1916,Paulino Guijarro Gisbert,Moto,false
1917,Tristán Sola Cózar,Auto,false
1918,Pascuala de Granados,Moto,true
1919,Kike Jaime Barco Arribas,Auto,true
1920,Paula Montenegro Bru,Auto,true
1921,Macaria Uriarte-Alberola,Moto,false
1922,Néstor Báez Company,Auto,false
1923,César Valls Lago,Auto,false
1924,Nicanor Fuentes Macías,Bicicleta,false
1925,Paula Mayo Chamorro,Auto,false
1926,Alejo Jose Luis Rosselló Rojas,Bicicleta,true
1927,Gala Guardiola Herranz,Bicicleta,false
1928,Martirio Nadal Saura,Auto,false
1929,José Oliveras Rincón,Auto,false
1930,Albert Caro Villaverde,Auto,true
1931,Marcelo Nazaret Mayol Lucas,Auto,true
1932,Pablo Gilabert Abascal,Bicicleta,false
1933,Azeneth Talavera Piñol,Bicicleta,false
1934,Ciríaco Tello Gisbert,Bicicleta,true
1935,Consuelo Sandra Céspedes Sales,Bicicleta,true
1936,Gabino Olivé-Gallardo,Moto,true
1937,Manu Porcel Beltrán,Bicicleta,false
1938,Jonatan Cuéllar Vendrell,Bicicleta,false
1939,Guiomar Neira Peñas,Moto,false
1940,Águeda de Fernández,Bicicleta,true
1941,Galo Vázquez Gallart,Bicicleta,false
1942,Isabel del Tello,Moto,true
1943,Serafina Águila,Bicicleta,false
1944,Gustavo Hierro Escamilla,Moto,true
1945,Gustavo Anguita Corral,Auto,true
1946,Mamen Macias-Cases,Moto,true
1947,Gerónimo de Sanchez,Moto,true
1948,Néstor Carranza Zabaleta,Bicicleta,false
1949,Victorino Patiño,Auto,false
1950,León Anglada Pagès,Bicicleta,true
1951,Ibán Quiroga Puga,Bicicleta,false
1952,Bibiana Macías Porras,Bicicleta,false
1953,África Amores,Bicicleta,true
1954,Lupita Blanca Baena,Moto,false
1955,Emperatriz Carrión Carrillo,Auto,true
1956,Belen Peña Roldán,Moto,true
1957,Bautista Real Cabrero,Moto,false
1958,Felix Puente Español,Moto,false
1959,Edelmiro Chucho Calderon Vigil,Bicicleta,false
1960,Conrado Morera Cordero,Auto,true
1961,Inés Espada Llopis,Bicicleta,true
1962,Susanita Tere Iglesia Jerez,Bicicleta,false
1963,Espiridión Bernat Miguel,Auto,true
1964,Rosa del Dalmau,Auto,false
1965,Osvaldo Sastre Flores,Bicicleta,true
1966,Pascual del Otero,Bicicleta,false
1967,Cristian Camino Vigil,Bicicleta,false
1968,Noelia del Juan,Moto,true
1969,Custodio Luís Zurita,Auto,true
1970,Montserrat Pazos Zurita,Bicicleta,true
1971,Olegario de Peinado,Moto,false
1972,Sigfrido Tirado Arana,Moto,true
1973,Iris Pedraza-Cueto,Auto,true
1974,Antonia Mesa Díaz,Moto,false
1975,Rómulo Gomis Lladó,Auto,true
1976,Azahara Ortiz Espinosa,Moto,true
1977,Pacífica Velázquez Taboada,Auto,false
1978,Adelaida Dorotea Vives Cobos,Auto,false
1979,Lino Andreu Barral,Bicicleta,true
1980,Jerónimo Redondo Maestre,Bicicleta,true
1981,Pánfilo Dueñas,Moto,true
1982,Vanesa Fajardo Soler,Bicicleta,true
1983,Catalina Cerezo Plaza,Bicicleta,false
1984,Lorenza Valverde-Sosa,Moto,false
1985,Marina Badía Iniesta,Bicicleta,true
1986,Nacio Milla Tejada,Auto,false
1987,Teresita Emiliana Aller Barco,Auto,false
1988,Jeremías Rodrigo Contreras,Auto,false
1989,Ximena Melania Cobo Falcó,Bicicleta,false
1990,Elodia Mendez-Linares,Auto,false
1991,Agapito Colomer Palau,Bicicleta,true
1992,Adolfo Valenciano,Moto,true
1993,Yolanda Espinosa Garmendia,Moto,false
1994,Lucho Mariño Martorell,Bicicleta,false
1995,Flor Mata Frías,Auto,true
1996,Sabas Costa Núñez,Moto,true
1997,Luna Cabanillas Mascaró,Auto,true
1998,Roque Torre,Moto,false
1999,Primitivo Elías Caparrós Girona,Bicicleta,false
2000,Anabel Nebot,Bicicleta,false
