1,Pied Piper Shawarmas,Comida Ecuatoriana,16,false
2,Hamburguesas Butter,Chifas,17,false
3,La Hueca Politécnica,Hornado,8,true
4,El Sabroso Encebollado,Hornado,14,true
5,Picantería EPN,Chifas,18,false
6,Restaurante Eusebia Ugarte Arenas S.C.P,Shawarma,17,false
7,Restaurante Grupo Miró S.L.N.E,Guatita,2,true
8,Restaurante Cáceres y asociados S.C.P,Salchipapas,18,true
9,Restaurante Nuria Cánovas Roig S.Com.,Ceviches,4,false
10,Restaurante Infraestructuras Ibérica S.Coop.,Ceviches,9,false
11,Restaurante Comercializadora Castellana S.L.,Guatita,4,false
12,Restaurante Suministros XQYJ S.A.,Comida Ecuatoriana,15,true
13,Restaurante Alcaraz y asociados S.C.P,Comida Ecuatoriana,9,false
14,Restaurante Arnal & Asociados S.Com.,Comida Ecuatoriana,3,false
15,Restaurante Tomé y asociados S.A.,Pizzeria,19,true
16,Restaurante Marin & Asociados S.L.,Hornado,13,true
17,Restaurante Instalaciones Garzón S.A.,Hornado,4,true
18,Restaurante Hermanos Catalá S.A.,Hamburguesas,18,false
19,Restaurante Despacho Hervia & Asociados S.L.N.E,Salchipapas,8,false
20,Restaurante Banca Privada Pedrosa & Asociados S.A.D,Hamburguesas,7,true
21,Restaurante Finanzas FJMI S.L.L.,Pizzeria,1,true
22,Restaurante Edmundo Trujillo Rius S.C.P,Pizzeria,15,false
23,Restaurante Construcción Galán S.Com.,Encebollado,4,true
24,Restaurante Virginia Maldonado Martí S.Coop.,Encebollado,1,true
25,Restaurante Infraestructuras QNJC S.Com.,Ceviches,16,true
26,Restaurante Cuesta y asociados S.L.,Salchipapas,5,false
27,Restaurante Construcción Francisco y asociados S.A.T.,Hamburguesas,10,false
28,Restaurante Tecnologías Sala & Asociados S.A.,Ceviches,6,false
29,Restaurante Servicios XV S.A.D,Guatita,7,false
30,Restaurante Lledó y asociados S.L.N.E,Shawarma,10,true
31,Restaurante Minería Españolas S.L.L.,Ceviches,17,false
32,Restaurante Acedo y asociados S.Com.,Hamburguesas,3,true
33,Restaurante Industrias RA S.L.,Pizzeria,3,false
34,Restaurante Comercializadora Castillo y asociados S.A.,Salchipapas,7,false
35,Restaurante Suministros EDN S.A.,Encebollado,11,true
36,Restaurante Uría y Puerta S.L.U.,Chifas,19,false
37,Restaurante Inmobiliaria Mendoza S.L.N.E,Pizzeria,6,true
38,Restaurante Soluciones Otero y asociados S.A.,Salchipapas,4,false
39,Restaurante Lucena y Fortuny S.L.,Guatita,9,true
40,Restaurante Farmaceútica GICP S.A.,Encebollado,7,true
41,Restaurante Cardona y Barón S.A.,Chifas,8,true
42,Restaurante Jimenez y Torrents S.L.N.E,Shawarma,12,false
43,Restaurante Grupo Palomares S.L.L.,Guatita,16,false
44,Restaurante Supermercados FOH S.A.,Shawarma,13,true
45,Restaurante Lasa y Quintanilla S.Com.,Comida Ecuatoriana,15,false
46,Restaurante Valentín & Asociados S.L.L.,Guatita,10,true
47,Restaurante Familia Benitez S.L.,Guatita,9,true
48,Restaurante Mateo & Asociados S.Coop.,Guatita,5,false
49,Restaurante Grupo Granados S.A.,Salchipapas,12,false
50,Restaurante Boada & Asociados S.L.,Salchipapas,18,true
51,Restaurante Hnos Robledo S.A.,Chifas,7,true
52,Restaurante Inversiones Española S.A.T.,Encebollado,8,false
53,Restaurante Hermanos Morán S.L.L.,Hamburguesas,16,true
54,Restaurante Lastra y Piñeiro S.Coop.,Hamburguesas,10,false
55,Restaurante Zabala y asociados S.A.,Salchipapas,14,true
56,Restaurante Suministros AMSU S.Coop.,Comida Ecuatoriana,3,true
57,Restaurante Infraestructuras Española S.Com.,Salchipapas,15,false
58,Restaurante Ariadna Ferrándiz Mármol S.L.,Shawarma,9,true
59,Restaurante Grupo Revilla S.Coop.,Hornado,10,true
60,Restaurante Infraestructuras JS S.Com.,Shawarma,20,false
61,Restaurante Finanzas Angulo & Asociados S.A.,Hamburguesas,1,false
62,Restaurante Supermercados CPYJ S.Com.,Hornado,6,true
63,Restaurante Comercializadora Ortega y asociados S.Coop.,Comida Ecuatoriana,11,false
64,Restaurante Hnos Vilalta S.L.N.E,Comida Ecuatoriana,19,false
65,Restaurante Fortuny y asociados S.A.,Guatita,9,true
66,Restaurante Hermanos Portillo S.A.,Salchipapas,1,true
67,Restaurante Hnos Olmo S.L.,Comida Ecuatoriana,15,true
68,Restaurante Infraestructuras Ibéricos S.L.N.E,Salchipapas,18,true
69,Restaurante Roca y asociados S.L.U.,Salchipapas,6,true
70,Restaurante Transportes del Norte S.L.,Ceviches,9,false
71,Restaurante Banca Privada JVQ S.Coop.,Hamburguesas,20,true
72,Restaurante Hermanos Nevado S.Com.,Pizzeria,18,false
73,Restaurante Julián y Cervera S.A.,Comida Ecuatoriana,2,false
74,Restaurante Comercializadora Rosell S.L.,Shawarma,4,true
75,Restaurante Infraestructuras JT S.A.,Salchipapas,20,false
76,Restaurante Cañete & Asociados S.L.,Comida Ecuatoriana,14,true
77,Restaurante Acedo y Calderón S.Coop.,Ceviches,5,true
78,Restaurante Conde y asociados S.A.,Hornado,10,true
79,Restaurante Amanda Sánchez Haro S.C.P,Pizzeria,19,true
80,Restaurante Banca Privada NGMA S.L.,Hornado,2,true
81,Restaurante Distribuciones Inteligentes S.Com.,Chifas,17,false
82,Restaurante Laura Agustín Gutiérrez S.Com.,Ceviches,11,false
83,Restaurante Ruano y Torrens S.Com.,Hamburguesas,1,false
84,Restaurante Manufacturas del Mediterráneo S.C.P,Guatita,18,false
85,Restaurante Inmobiliaria Rivero y asociados S.A.,Shawarma,10,false
86,Restaurante Promociones Españolas S.L.,Shawarma,16,false
87,Restaurante Grupo Riera S.L.,Shawarma,15,true
88,Restaurante Despacho Martinez & Asociados S.A.,Comida Ecuatoriana,16,false
89,Restaurante Real y Pedrero S.Coop.,Salchipapas,10,false
90,Restaurante Gaspar Medina Miranda S.L.N.E,Encebollado,10,true
91,Restaurante Banco Jordá & Asociados S.Com.,Hamburguesas,15,false
92,Restaurante Aníbal Espinosa Pareja S.Coop.,Ceviches,16,false
93,Restaurante Comercializadora Castellana S.C.P,Salchipapas,1,true
94,Restaurante Álamo & Asociados S.L.,Encebollado,1,true
95,Restaurante Hermanos Toro S.L.,Ceviches,11,true
96,Restaurante Conrado Gimeno Goñi S.A.,Chifas,13,true
97,Restaurante Familia Villa S.Com.,Ceviches,14,true
98,Restaurante Supermercados MX S.L.,Salchipapas,9,true
99,Restaurante Construcción Acedo & Asociados S.Coop.,Pizzeria,19,true
100,Restaurante Cerro y Duarte S.L.,Chifas,16,false
101,Restaurante Inversiones Iberia S.Coop.,Chifas,19,true
102,Restaurante Portillo & Asociados S.L.N.E,Hornado,17,false
103,Restaurante Vidal & Asociados S.Com.,Guatita,11,true
104,Restaurante Sáez y Ferrera S.Com.,Encebollado,3,false
105,Restaurante Hermanos Lago S.Com.,Ceviches,20,true
106,Restaurante Servicios AEKJ S.L.N.E,Shawarma,2,false
107,Restaurante Comercializadora Piquer S.L.,Hornado,6,false
108,Restaurante Talleres NN S.A.,Salchipapas,4,false
109,Restaurante América Benítez Casals S.L.,Hornado,15,false
110,Restaurante Servicios Rodriguez y asociados S.L.N.E,Shawarma,7,true
111,Restaurante Alberto y Murillo S.A.,Comida Ecuatoriana,20,true
112,Restaurante Distribuciones Ibérica S.A.D,Salchipapas,9,false
113,Restaurante Amancio Ballester Francisco S.L.L.,Chifas,16,false
114,Restaurante Marin & Asociados S.A.,Guatita,3,false
115,Restaurante Banca Privada Andrade S.Coop.,Chifas,5,true
116,Restaurante Minería Tejedor S.L.,Shawarma,5,true
117,Restaurante Restauración GQ S.L.,Pizzeria,19,true
118,Restaurante Familia Machado S.A.T.,Shawarma,12,false
119,Restaurante Adolfo Falcón Salcedo S.L.N.E,Salchipapas,2,false
120,Restaurante Restauración Gracia S.A.,Guatita,11,false
121,Restaurante Yáñez & Asociados S.A.,Comida Ecuatoriana,12,true
122,Restaurante Talleres Acuña S.L.,Guatita,2,false
123,Restaurante Banca Privada Piñeiro & Asociados S.Com.,Shawarma,19,true
124,Restaurante Hotel Castellana S.L.,Ceviches,13,false
125,Restaurante Desarrollo Menendez S.A.,Salchipapas,18,true
126,Restaurante Transportes Ibéricos S.A.,Hornado,18,false
127,Restaurante Santana y Bernat S.A.,Shawarma,11,false
128,Restaurante Teodoro Sánchez Girona S.L.L.,Hornado,6,false
129,Restaurante Moisés Barranco Roma S.Coop.,Encebollado,1,false
130,Restaurante Comercial Ropero S.Coop.,Hamburguesas,13,true
131,Restaurante Supermercados KMU S.L.L.,Shawarma,10,true
132,Restaurante Herranz & Asociados S.L.,Chifas,8,false
133,Restaurante Consultoría Quintana S.L.,Comida Ecuatoriana,19,false
134,Restaurante Desarrollo Alfonso S.L.L.,Salchipapas,7,false
135,Restaurante Construcción Zamorano S.L.N.E,Encebollado,6,true
136,Restaurante Hermanos Iniesta S.C.P,Hamburguesas,9,true
137,Restaurante Despacho Iberia S.A.,Hamburguesas,19,true
138,Restaurante Uría y Andreu S.A.,Hornado,8,true
139,Restaurante Promociones Lladó S.L.L.,Pizzeria,5,false
140,Restaurante Promociones Villalonga S.Coop.,Chifas,3,true
141,Restaurante Felisa Correa Figuerola S.L.L.,Ceviches,6,false
142,Restaurante Manufacturas DQN S.Com.,Comida Ecuatoriana,18,false
143,Restaurante Vila y Alberola S.Coop.,Guatita,7,true
144,Restaurante Bello & Asociados S.L.,Chifas,18,false
145,Restaurante Restauración Guitart S.Coop.,Shawarma,2,true
146,Restaurante Instalaciones Corominas & Asociados S.A.,Chifas,17,true
147,Restaurante Infraestructuras Rubio S.L.,Hornado,13,false
148,Restaurante Farmaceútica del Norte S.Coop.,Salchipapas,13,false
149,Restaurante Distribuciones Ibérica S.L.N.E,Shawarma,14,true
150,Restaurante Elodia Capdevila Carnero S.A.D,Guatita,4,true
151,Restaurante Gibert y asociados S.L.,Hornado,4,false
152,Restaurante Borja y asociados S.A.U,Shawarma,3,false
153,Restaurante Rius & Asociados S.Coop.,Shawarma,4,true
154,Restaurante Talleres XM S.L.,Comida Ecuatoriana,19,true
155,Restaurante Fábrica Tudela S.Coop.,Hamburguesas,15,false
156,Restaurante Palma y asociados S.Coop.,Chifas,12,true
157,Restaurante Banco Internacionales S.A.,Pizzeria,11,false
158,Restaurante Solana y asociados S.L.,Guatita,17,true
159,Restaurante Familia Chamorro S.Coop.,Chifas,5,false
160,Restaurante Gárate y Marti S.L.,Encebollado,9,false
161,Restaurante Barrena y Parejo S.A.,Shawarma,17,true
162,Restaurante Minería Carrión S.L.,Guatita,7,true
163,Restaurante Sierra & Asociados S.Com.,Chifas,6,true
164,Restaurante Gimeno & Asociados S.A.,Hornado,17,true
165,Restaurante Inmobiliaria ACZS S.A.,Comida Ecuatoriana,7,true
166,Restaurante Joaquín Manjón Amores S.Coop.,Ceviches,8,false
167,Restaurante Restauración Viñas y asociados S.Coop.,Pizzeria,10,true
168,Restaurante Grupo Larrea S.L.,Comida Ecuatoriana,3,true
169,Restaurante Hermanos Quevedo S.L.N.E,Encebollado,12,true
170,Restaurante Mendoza & Asociados S.A.,Comida Ecuatoriana,2,true
171,Restaurante Calvo & Asociados S.Com.,Shawarma,3,true
172,Restaurante Compañía RI S.A.,Comida Ecuatoriana,8,true
173,Restaurante Soto y Ayuso S.Com.,Hamburguesas,17,false
174,Restaurante Hernandez & Asociados S.L.,Shawarma,15,true
175,Restaurante Castejón y asociados S.C.P,Guatita,15,false
176,Restaurante Supermercados del Levante S.L.N.E,Ceviches,16,false
177,Restaurante Fabiana Vidal Maestre S.L.,Comida Ecuatoriana,18,false
178,Restaurante Instalaciones Avanzadas S.C.P,Chifas,18,false
179,Restaurante Grau y Julián S.A.,Ceviches,13,false
180,Restaurante Infraestructuras SRNB S.L.N.E,Comida Ecuatoriana,8,true
181,Restaurante Finanzas Asensio S.L.,Shawarma,14,false
182,Restaurante Transportes Cabrera & Asociados S.A.,Hamburguesas,15,false
183,Restaurante Nieto y asociados S.A.U,Ceviches,8,false
184,Restaurante Servicios Globales S.L.N.E,Comida Ecuatoriana,8,true
185,Restaurante Consultoría Heredia y asociados S.C.P,Encebollado,4,true
186,Restaurante Grupo Colom S.Com.,Salchipapas,8,true
187,Restaurante Andrés y Rivera S.L.,Salchipapas,11,false
188,Restaurante Montesinos & Asociados S.L.N.E,Chifas,4,false
189,Restaurante Almazán & Asociados S.Coop.,Hamburguesas,4,true
190,Restaurante Minería QLCH S.Coop.,Comida Ecuatoriana,12,true
191,Restaurante Hotel del Mediterráneo S.L.U.,Guatita,12,true
192,Restaurante Instalaciones Carrera S.L.N.E,Chifas,20,true
193,Restaurante Grupo Cañete S.L.L.,Salchipapas,13,true
194,Restaurante Talleres Internacionales S.A.,Salchipapas,11,true
195,Restaurante Valverde y Puente S.L.L.,Encebollado,20,true
196,Restaurante Comercial Vallés y asociados S.L.L.,Ceviches,1,true
197,Restaurante Jove & Asociados S.L.N.E,Ceviches,18,true
198,Restaurante Romero y Vendrell S.Coop.,Encebollado,13,false
199,Restaurante Nevado y asociados S.Com.,Guatita,2,false
200,Restaurante Hnos Vaquero S.Coop.,Ceviches,13,false
201,Restaurante Desarrollo NP S.Com.,Salchipapas,11,false
202,Restaurante Soluciones del Mediterráneo S.L.N.E,Pizzeria,6,true
203,Restaurante Edmundo Sevillano Baquero S.A.D,Pizzeria,6,true
204,Restaurante Inversiones Plaza & Asociados S.L.,Hornado,19,false
205,Restaurante Transportes del Levante S.L.,Encebollado,18,true
206,Restaurante Banco Castellana S.C.P,Hornado,9,false
207,Restaurante Manufacturas Barros y asociados S.L.,Encebollado,20,false
208,Restaurante Distribuciones Tomé y asociados S.A.,Guatita,15,true
209,Restaurante Goicoechea y Molins S.A.,Ceviches,16,false
210,Restaurante Distribuciones Española S.C.P,Pizzeria,1,true
211,Restaurante Gálvez y Olivé S.A.T.,Salchipapas,6,true
212,Restaurante Hotel Arribas S.Com.,Pizzeria,20,false
213,Restaurante Grupo Velasco S.A.,Hamburguesas,16,true
214,Restaurante Consultoría Escrivá S.A.,Ceviches,2,true
215,Restaurante Cañas y Murillo S.L.L.,Chifas,2,true
216,Restaurante Álvarez y asociados S.L.L.,Hamburguesas,15,true
217,Restaurante Torralba & Asociados S.A.,Hamburguesas,4,true
218,Restaurante Familia Agustín S.Com.,Chifas,11,true
219,Restaurante Banca Privada Navarrete S.Coop.,Shawarma,5,true
220,Restaurante Buenaventura Acero Maza S.L.L.,Guatita,8,false
221,Restaurante Banco Iberia S.L.,Encebollado,20,true
222,Restaurante Romero y Sosa S.Coop.,Shawarma,20,true
223,Restaurante Comercial Globales S.Coop.,Hamburguesas,17,true
224,Restaurante Téllez y Costa S.A.,Hornado,4,false
225,Restaurante Muro y Almeida S.L.U.,Chifas,11,true
226,Restaurante Celia Martí Barragán S.L.,Salchipapas,13,false
227,Restaurante Grupo Serra S.Com.,Pizzeria,14,false
228,Restaurante Carballo y Bernad S.A.,Hornado,18,true
229,Restaurante Zamora y Carvajal S.Com.,Hornado,20,true
230,Restaurante Minería JK S.C.P,Chifas,5,true
231,Restaurante Fábrica TN S.A.,Guatita,13,false
232,Restaurante Azcona y Lasa S.A.U,Chifas,12,false
233,Restaurante Cuéllar & Asociados S.L.L.,Chifas,17,false
234,Restaurante Marco Perez Torre S.Coop.,Ceviches,17,false
235,Restaurante Feliciano Cánovas Carreño S.L.N.E,Ceviches,12,false
236,Restaurante Soluciones Mendoza S.Coop.,Chifas,18,false
237,Restaurante Santana y asociados S.L.,Ceviches,16,true
238,Restaurante Restauración Tejera y asociados S.L.L.,Hamburguesas,20,true
239,Restaurante Roma & Asociados S.L.,Hamburguesas,2,false
240,Restaurante Fábrica del Noroeste S.L.L.,Hornado,11,true
241,Restaurante Zamorano y Tolosa S.L.,Hornado,5,true
242,Restaurante Pombo y Lledó S.L.L.,Hornado,16,false
243,Restaurante Manufacturas Inteligentes S.A.,Guatita,1,true
244,Restaurante Hnos Salmerón S.L.N.E,Encebollado,9,false
245,Restaurante Inversiones Iñiguez y asociados S.A.,Encebollado,13,true
246,Restaurante Pinto y asociados S.Coop.,Guatita,14,false
247,Restaurante Grupo Quiroga S.Coop.,Ceviches,7,true
248,Restaurante Alimentación Ugarte y asociados S.Com.,Shawarma,1,true
249,Restaurante Luisina Amador Tolosa S.L.,Ceviches,15,true
250,Restaurante Tamayo y Portillo S.A.,Chifas,12,false
251,Restaurante Clavero y Acedo S.A.,Guatita,2,true
252,Restaurante Grupo Robledo S.A.,Encebollado,17,true
253,Restaurante Banco TS S.L.N.E,Shawarma,10,true
254,Restaurante Soluciones Castellana S.Coop.,Comida Ecuatoriana,10,true
255,Restaurante Pera y Torralba S.A.,Pizzeria,15,false
256,Restaurante Vara & Asociados S.A.,Chifas,6,false
257,Restaurante Fábrica TSMN S.L.N.E,Ceviches,6,true
258,Restaurante Múgica y Sanjuan S.Coop.,Encebollado,12,true
259,Restaurante Infraestructuras Casal S.C.P,Chifas,2,false
260,Restaurante Grupo Abril S.Com.,Comida Ecuatoriana,12,true
261,Restaurante Hotel Arrieta S.L.N.E,Guatita,9,false
262,Restaurante Familia Amorós S.L.,Guatita,12,true
263,Restaurante Distribuciones CAYO S.L.,Chifas,18,true
264,Restaurante Consultoría Botella y asociados S.A.,Shawarma,14,true
265,Restaurante Grupo Pacheco S.Com.,Pizzeria,18,false
266,Restaurante Carreño & Asociados S.C.P,Shawarma,11,false
267,Restaurante Logística Iberia S.A.,Comida Ecuatoriana,5,true
268,Restaurante Chico & Asociados S.L.,Hamburguesas,15,false
269,Restaurante Infraestructuras del Levante S.A.,Comida Ecuatoriana,8,true
270,Restaurante Simón Campo Mariño S.A.,Salchipapas,12,false
271,Restaurante Ávila y Porta S.L.,Ceviches,15,true
272,Restaurante Construcción del Levante S.A.,Shawarma,4,true
273,Restaurante Hnos Lladó S.Coop.,Chifas,7,false
274,Restaurante Manufacturas Coll & Asociados S.L.,Ceviches,14,false
275,Restaurante Hermanos Piquer S.Coop.,Pizzeria,4,true
276,Restaurante Hervia y Menendez S.Coop.,Salchipapas,8,true
277,Restaurante Lorenzo Villena Salinas S.A.D,Pizzeria,15,false
278,Restaurante Quintero y Morales S.L.L.,Chifas,16,false
279,Restaurante Instalaciones FMBA S.Com.,Ceviches,18,false
280,Restaurante Pont y Ramis S.A.,Comida Ecuatoriana,15,true
281,Restaurante Pintor y Bru S.A.,Hamburguesas,15,true
282,Restaurante Murcia y Sabater S.Com.,Ceviches,16,false
283,Restaurante Almudena Grande Roldán S.L.,Hornado,13,true
284,Restaurante Infraestructuras Ferreras S.Com.,Hornado,11,true
285,Restaurante Romero y Torrecilla S.L.,Encebollado,11,false
286,Restaurante Finanzas del Mediterráneo S.L.,Encebollado,13,false
287,Restaurante Guillen y Navarrete S.L.N.E,Ceviches,10,true
288,Restaurante Soluciones UJ S.A.,Shawarma,20,false
289,Restaurante Inversiones Camps & Asociados S.A.,Hamburguesas,16,true
290,Restaurante Marisol Luque Sastre S.L.L.,Guatita,13,false
291,Restaurante Gibert y Asensio S.L.L.,Encebollado,16,false
292,Restaurante Vila & Asociados S.Coop.,Guatita,12,false
293,Restaurante Andreu y Lara S.A.T.,Chifas,3,true
294,Restaurante Talavera & Asociados S.L.,Encebollado,1,false
295,Restaurante Minería MK S.A.,Salchipapas,9,false
296,Restaurante Porcel & Asociados S.Coop.,Encebollado,20,true
297,Restaurante Macario Garriga Estévez S.A.,Hornado,15,true
298,Restaurante Instalaciones NNL S.Coop.,Encebollado,9,true
299,Restaurante Barragán & Asociados S.L.,Salchipapas,14,false
300,Restaurante Fernanda Muro Zabala S.L.,Hamburguesas,13,false
301,Restaurante Inmobiliaria Ríos S.Com.,Encebollado,6,false
302,Restaurante Vicente y Mendizábal S.Coop.,Chifas,5,true
303,Restaurante Finanzas Alfonso & Asociados S.Com.,Comida Ecuatoriana,15,true
304,Restaurante Finanzas Gallo S.C.P,Encebollado,4,true
305,Restaurante Minería Bermejo & Asociados S.A.,Encebollado,19,false
306,Restaurante Mínguez & Asociados S.A.,Chifas,16,false
307,Restaurante Consultoría Tello S.Coop.,Chifas,13,true
308,Restaurante Comercial Ródenas S.C.P,Ceviches,11,false
309,Restaurante Minería Ángel & Asociados S.L.,Encebollado,1,true
310,Restaurante Manufacturas Gárate & Asociados S.Com.,Encebollado,2,true
311,Restaurante Construcción ULWH S.L.,Comida Ecuatoriana,3,false
312,Restaurante Marí y asociados S.Coop.,Hornado,6,false
313,Restaurante Soluciones Integrales S.Com.,Chifas,12,false
314,Restaurante Familia Aller S.Com.,Hamburguesas,4,false
315,Restaurante Nieto y Robles S.L.,Encebollado,8,true
316,Restaurante Distribuciones del Sur S.L.,Ceviches,17,false
317,Restaurante Servicios Cisneros & Asociados S.L.,Hornado,2,false
318,Restaurante Distribuciones Inteligentes S.Coop.,Ceviches,4,false
319,Restaurante Casal y Vélez S.Com.,Guatita,10,false
320,Restaurante Tovar y Álvaro S.A.,Hamburguesas,15,false
321,Restaurante Alimentación Pablo S.A.,Hornado,13,false
322,Restaurante Juan José Martinez Báez S.L.L.,Chifas,9,false
323,Restaurante Hermanos Morell S.Coop.,Hornado,2,true
324,Restaurante Servicios UV S.Com.,Hornado,20,false
325,Restaurante Alimentación JRG S.Coop.,Pizzeria,8,false
326,Restaurante Suministros Águila S.Coop.,Encebollado,13,false
327,Restaurante Hotel del Noroeste S.L.N.E,Hamburguesas,12,true
328,Restaurante Inversiones Sobrino S.Com.,Comida Ecuatoriana,2,true
329,Restaurante Consultoría Morán y asociados S.Com.,Salchipapas,18,true
330,Restaurante Transportes EGR S.Coop.,Pizzeria,16,true
331,Restaurante Hnos Rosselló S.Com.,Ceviches,18,false
332,Restaurante Familia Madrid S.Coop.,Pizzeria,15,true
333,Restaurante Alfonso y Tejada S.A.U,Chifas,15,false
334,Restaurante Julie Pedrosa Escobar S.L.,Salchipapas,11,false
335,Restaurante Hotel KZE S.A.D,Ceviches,9,false
336,Restaurante Comercializadora Chacón & Asociados S.Com.,Salchipapas,6,false
337,Restaurante Teresita Escolano Moll S.Coop.,Guatita,9,true
338,Restaurante Soluciones Ibéricos S.L.N.E,Hamburguesas,6,false
339,Restaurante Tecnologías Pavón y asociados S.L.L.,Hamburguesas,6,true
340,Restaurante Pina & Asociados S.Com.,Encebollado,13,false
341,Restaurante Adelardo Puerta Luque S.Coop.,Ceviches,2,true
342,Restaurante Construcción NCOV S.Com.,Guatita,12,true
343,Restaurante Hermanos Tirado S.A.,Ceviches,17,false
344,Restaurante Cadenas y Llanos S.L.N.E,Comida Ecuatoriana,17,false
345,Restaurante Banco Rosselló y asociados S.A.,Chifas,11,false
346,Restaurante Solana & Asociados S.A.,Hornado,1,false
347,Restaurante Narciso Anguita Izaguirre S.L.N.E,Hornado,14,true
348,Restaurante Soluciones Arias S.A.U,Comida Ecuatoriana,2,true
349,Restaurante Compañía Inteligentes S.A.,Comida Ecuatoriana,16,false
350,Restaurante Ribes & Asociados S.A.,Pizzeria,6,true
351,Restaurante Desarrollo DWUF S.L.,Salchipapas,14,true
352,Restaurante Morán y asociados S.Coop.,Guatita,15,false
353,Restaurante Hnos Cánovas S.L.N.E,Comida Ecuatoriana,18,false
354,Restaurante Compañía Carnero S.Com.,Encebollado,17,true
355,Restaurante Rojas y Olmo S.L.U.,Salchipapas,1,true
356,Restaurante Perera & Asociados S.Coop.,Encebollado,18,false
357,Restaurante Roberta Solé Garcia S.A.,Chifas,1,false
358,Restaurante Industrias UMUG S.Coop.,Salchipapas,7,false
359,Restaurante Manufacturas Mulet y asociados S.L.L.,Ceviches,18,true
360,Restaurante Girona y asociados S.A.,Chifas,17,true
361,Restaurante Consultoría Integrales S.Coop.,Pizzeria,4,false
362,Restaurante Chico & Asociados S.L.L.,Comida Ecuatoriana,12,true
363,Restaurante Fábrica Girón y asociados S.L.N.E,Comida Ecuatoriana,6,true
364,Restaurante Banca Privada Española S.A.T.,Ceviches,15,true
365,Restaurante Collado y asociados S.L.,Guatita,10,false
366,Restaurante Barranco & Asociados S.L.N.E,Hornado,7,true
367,Restaurante Navarrete y Yáñez S.Coop.,Comida Ecuatoriana,13,false
368,Restaurante Alcalá y Manzanares S.L.,Comida Ecuatoriana,12,false
369,Restaurante Inversiones Solé S.Coop.,Pizzeria,15,false
370,Restaurante Fuente y Dueñas S.L.,Guatita,5,false
371,Restaurante Arana y Flor S.Com.,Chifas,13,false
372,Restaurante Compañía HTBF S.A.,Shawarma,16,false
373,Restaurante Infraestructuras Ibérica S.Com.,Comida Ecuatoriana,11,true
374,Restaurante Doménech y Solera S.A.,Hamburguesas,15,true
375,Restaurante Llanos y Castañeda S.L.,Shawarma,16,true
376,Restaurante Supermercados Mur y asociados S.A.,Hamburguesas,6,false
377,Restaurante Finanzas Orozco S.A.,Chifas,7,false
378,Restaurante Natalio Collado Arregui S.A.T.,Shawarma,18,false
379,Restaurante Logística Bernal S.L.,Salchipapas,14,true
380,Restaurante Talleres Puga S.L.,Guatita,14,true
381,Restaurante África Dávila Alcolea S.Coop.,Salchipapas,12,false
382,Restaurante Nazario Seco Ramirez S.Com.,Hornado,3,true
383,Restaurante Segovia y asociados S.Coop.,Salchipapas,17,false
384,Restaurante Farmaceútica Ibéricos S.C.P,Comida Ecuatoriana,8,true
385,Restaurante Cordero y asociados S.L.N.E,Chifas,12,false
386,Restaurante Ciriaco Mateo Azcona S.Coop.,Pizzeria,2,false
387,Restaurante Tecnologías TYY S.Com.,Shawarma,16,true
388,Restaurante Leal y Andrés S.L.,Salchipapas,2,true
389,Restaurante Reyes & Asociados S.L.,Chifas,6,false
390,Restaurante Banco Galiano S.L.L.,Comida Ecuatoriana,17,true
391,Restaurante Hermanos Gomez S.L.,Ceviches,2,false
392,Restaurante Ferrero y Almagro S.Com.,Hornado,14,false
393,Restaurante Promociones Ibéricos S.L.,Encebollado,15,false
394,Restaurante Mercedes Zabaleta Cózar S.L.,Salchipapas,12,false
395,Restaurante Manufacturas LM S.A.,Comida Ecuatoriana,2,false
396,Restaurante Fábrica Perera y asociados S.L.L.,Guatita,14,true
397,Restaurante Hnos Rosales S.A.,Hornado,20,false
398,Restaurante Desarrollo Barroso S.Com.,Hamburguesas,4,false
399,Restaurante Finanzas UH S.Coop.,Guatita,20,true
400,Restaurante Dalila Almeida Molins S.A.,Comida Ecuatoriana,17,true
401,Restaurante Familia Osorio S.Com.,Encebollado,13,false
402,Restaurante Construcción Viña S.A.,Salchipapas,19,false
403,Restaurante Farmaceútica Jaume & Asociados S.A.,Comida Ecuatoriana,17,true
404,Restaurante Torralba y Cano S.Com.,Encebollado,6,true
405,Restaurante Perea y asociados S.L.,Shawarma,10,true
406,Restaurante Minería Cabrera S.L.L.,Shawarma,2,false
407,Restaurante Banca Privada Ugarte S.A.,Hornado,7,true
408,Restaurante Consultoría Doménech S.A.U,Comida Ecuatoriana,3,false
409,Restaurante Marina Iniesta Zamorano S.Coop.,Salchipapas,16,false
410,Restaurante Instalaciones Nadal S.Coop.,Shawarma,13,true
411,Restaurante Gálvez y Pla S.Com.,Shawarma,16,false
412,Restaurante Comercializadora Manzano y asociados S.Coop.,Hornado,9,false
413,Restaurante Despacho Castilla S.A.,Comida Ecuatoriana,11,false
414,Restaurante Manufacturas Vallejo S.A.T.,Encebollado,19,false
415,Restaurante Farmaceútica Roura y asociados S.Com.,Pizzeria,14,true
416,Restaurante Construcción Llorens S.Coop.,Pizzeria,9,false
417,Restaurante Fábrica Garay S.Coop.,Ceviches,4,false
418,Restaurante Inmobiliaria BVF S.A.,Guatita,15,false
419,Restaurante Familia Salvà S.Com.,Comida Ecuatoriana,1,true
420,Restaurante Alfonso Soler Salinas S.Com.,Ceviches,19,false
421,Restaurante Mancebo & Asociados S.L.,Hamburguesas,5,false
422,Restaurante Hnos Ribas S.A.,Salchipapas,16,true
423,Restaurante Logística SJ S.A.,Hamburguesas,9,true
424,Restaurante Suministros Internacionales S.C.P,Chifas,10,true
425,Restaurante Esther Sales Rodriguez S.A.,Chifas,6,false
426,Restaurante Finanzas Riquelme S.L.L.,Ceviches,7,false
427,Restaurante Grupo Noriega S.L.,Comida Ecuatoriana,13,true
428,Restaurante Construcción Jódar S.L.N.E,Ceviches,7,false
429,Restaurante Familia Benitez S.A.,Guatita,17,false
430,Restaurante Hermanos Esparza S.C.P,Pizzeria,10,true
431,Restaurante María Fernanda Montenegro Asensio S.Com.,Ceviches,12,true
432,Restaurante Construcción XZYA S.A.,Pizzeria,1,false
433,Restaurante Prats y Ramírez S.L.N.E,Hamburguesas,6,true
434,Restaurante Hnos Valcárcel S.L.,Encebollado,20,true
435,Restaurante Manufacturas Españolas S.Coop.,Comida Ecuatoriana,2,false
436,Restaurante Roura & Asociados S.L.,Hornado,20,false
437,Restaurante Distribuciones Portero S.L.L.,Shawarma,17,true
438,Restaurante Bustos & Asociados S.L.,Hornado,7,true
439,Restaurante Distribuciones MY S.L.U.,Chifas,6,false
440,Restaurante Servicios Hidalgo y asociados S.L.,Hornado,13,false
441,Restaurante Despacho Rivero S.Coop.,Encebollado,17,true
442,Restaurante Talleres Ribas S.L.,Pizzeria,15,true
443,Restaurante Servicios Aranda y asociados S.L.,Chifas,1,false
444,Restaurante Manufacturas Campoy & Asociados S.A.,Guatita,2,true
445,Restaurante Manufacturas Ortuño S.A.,Ceviches,10,false
446,Restaurante Servicios del Norte S.C.P,Hornado,13,false
447,Restaurante Losada y asociados S.A.U,Shawarma,8,true
448,Restaurante Tirado y Tejedor S.Coop.,Chifas,10,true
449,Restaurante Farmaceútica Fernández S.L.,Hamburguesas,11,false
450,Restaurante Hnos Campo S.L.L.,Pizzeria,17,false
451,Restaurante Landa y Sanmartín S.L.U.,Shawarma,20,false
452,Restaurante Finanzas Ordóñez S.L.,Ceviches,11,true
453,Restaurante Grupo Tormo S.L.,Guatita,5,false
454,Restaurante Salinas y asociados S.L.L.,Comida Ecuatoriana,6,true
455,Restaurante Hnos Bautista S.L.N.E,Encebollado,5,false
456,Restaurante Costa & Asociados S.Coop.,Hamburguesas,13,true
457,Restaurante Instalaciones Internacionales S.C.P,Chifas,16,true
458,Restaurante Hnos Nicolás S.A.D,Ceviches,4,true
459,Restaurante Inversiones CQX S.A.U,Chifas,5,false
460,Restaurante Promociones Azorin y asociados S.A.,Pizzeria,8,true
461,Restaurante Lola Castañeda Sebastián S.Com.,Hamburguesas,12,true
462,Restaurante Erasmo Montalbán Jiménez S.Com.,Guatita,14,true
463,Restaurante Hnos Pineda S.Coop.,Pizzeria,20,false
464,Restaurante Inmobiliaria SY S.Coop.,Shawarma,7,false
465,Restaurante Inversiones Integrales S.C.P,Comida Ecuatoriana,5,false
466,Restaurante Manufacturas del Mediterráneo S.A.,Comida Ecuatoriana,12,false
467,Restaurante Talleres del Mediterráneo S.A.D,Pizzeria,17,false
468,Restaurante Desarrollo Española S.Com.,Encebollado,13,false
469,Restaurante Hnos Alarcón S.L.,Shawarma,9,false
470,Restaurante Familia Cabrera S.A.,Hamburguesas,11,false
471,Restaurante Méndez y Uría S.Coop.,Guatita,3,false
472,Restaurante Eva Lerma Franch S.A.D,Chifas,19,true
473,Restaurante Alfonso y asociados S.L.N.E,Encebollado,20,true
474,Restaurante Mariño y Torrens S.Com.,Pizzeria,17,false
475,Restaurante Restauración DG S.A.,Chifas,18,true
476,Restaurante Redondo y Mendez S.A.,Guatita,12,false
477,Restaurante Fábrica Tirado S.L.N.E,Pizzeria,10,true
478,Restaurante Comercializadora del Noroeste S.L.L.,Pizzeria,10,true
479,Restaurante Joel Carrión Pedrero S.L.N.E,Guatita,6,false
480,Restaurante Inversiones OPGP S.A.,Comida Ecuatoriana,7,true
481,Restaurante Tecnologías Tur S.A.T.,Salchipapas,16,false
482,Restaurante Finanzas Alsina & Asociados S.Com.,Pizzeria,18,true
483,Restaurante Inmobiliaria Santamaria y asociados S.Com.,Pizzeria,17,false
484,Restaurante Hnos Olmo S.A.,Hamburguesas,3,true
485,Restaurante Alimentación Españolas S.Coop.,Ceviches,5,false
486,Restaurante Logística del Levante S.L.N.E,Guatita,6,true
487,Restaurante Talleres Ibéricos S.L.L.,Guatita,5,true
488,Restaurante Rosenda Lasa Torrecilla S.A.T.,Pizzeria,13,false
489,Restaurante Promociones JPOA S.Coop.,Ceviches,10,false
490,Restaurante Gastón Pina Baños S.Com.,Pizzeria,12,true
491,Restaurante Fidela Gibert Salazar S.Coop.,Shawarma,14,true
492,Restaurante María José Montaña Vélez S.L.N.E,Ceviches,20,false
493,Restaurante Inmobiliaria Cano S.L.L.,Encebollado,9,true
494,Restaurante Reguera y asociados S.Coop.,Guatita,12,true
495,Restaurante Minería Fiol S.L.,Hornado,3,false
496,Restaurante Daza y Sabater S.A.,Shawarma,8,false
497,Restaurante Casal & Asociados S.Com.,Shawarma,12,true
498,Restaurante Manufacturas España & Asociados S.L.,Guatita,16,true
499,Restaurante Luisina Gargallo Luís S.L.N.E,Chifas,5,false
500,Restaurante Hnos Andreu S.A.,Pizzeria,2,false
501,Restaurante Duran y Pujadas S.A.,Encebollado,19,false
502,Restaurante Xavier Lluch Gallardo S.L.,Comida Ecuatoriana,2,true
503,Restaurante Infraestructuras Guillen S.Com.,Hamburguesas,20,false
504,Restaurante Rosaura Correa Calleja S.C.P,Hamburguesas,3,true
505,Restaurante Ballester y Reina S.Coop.,Chifas,11,false
506,Restaurante Amat y Velasco S.A.,Encebollado,19,false
507,Restaurante Promociones Ibérica S.A.,Pizzeria,7,false
508,Restaurante Supermercados Internacionales S.A.,Encebollado,7,false
509,Restaurante Cuesta & Asociados S.C.P,Hamburguesas,20,false
510,Restaurante Tecnologías Paredes y asociados S.L.,Salchipapas,14,true
511,Restaurante Despacho MZD S.Com.,Chifas,15,true
512,Restaurante Sosa y Viñas S.L.L.,Pizzeria,10,true
513,Restaurante Alsina y Chico S.C.P,Shawarma,10,true
514,Restaurante Hnos Batlle S.Coop.,Guatita,4,true
515,Restaurante Compañía OD S.Com.,Comida Ecuatoriana,18,true
516,Restaurante Rosales y asociados S.L.N.E,Ceviches,12,false
517,Restaurante Hermanos Hernandez S.A.,Shawarma,17,false
518,Restaurante Fabio Bosch Martin S.L.,Shawarma,4,false
519,Restaurante Suministros Globales S.C.P,Hornado,19,false
520,Restaurante Porras y Vilalta S.L.,Comida Ecuatoriana,5,true
521,Restaurante Herranz y Marí S.Coop.,Pizzeria,17,false
522,Restaurante Soluciones Ojeda & Asociados S.C.P,Ceviches,13,true
523,Restaurante Maza y asociados S.L.L.,Chifas,1,false
524,Restaurante Comercializadora Duque S.A.,Chifas,4,false
525,Restaurante Banco LTU S.A.,Guatita,8,false
526,Restaurante Grupo Cantón S.Coop.,Encebollado,10,false
527,Restaurante Soluciones Pera S.L.,Ceviches,19,true
528,Restaurante Compañía Españolas S.Com.,Pizzeria,3,true
529,Restaurante Transportes Larrañaga & Asociados S.L.,Chifas,1,true
530,Restaurante Leocadia Oller Porta S.L.,Pizzeria,14,true
531,Restaurante Industrias Tejada y asociados S.A.,Comida Ecuatoriana,15,true
532,Restaurante Comercializadora TDM S.L.N.E,Ceviches,18,false
533,Restaurante Infraestructuras Rocha y asociados S.L.,Salchipapas,3,false
534,Restaurante Familia Mendez S.L.N.E,Guatita,8,true
535,Restaurante Construcción Internacionales S.Coop.,Pizzeria,17,true
536,Restaurante Jiménez y Pintor S.C.P,Ceviches,9,false
537,Restaurante Construcción CB S.L.,Guatita,7,false
538,Restaurante Pujol & Asociados S.Coop.,Encebollado,6,true
539,Restaurante Fonseca y Carrera S.L.N.E,Shawarma,8,true
540,Restaurante Visitación Guerra Ballesteros S.A.,Hamburguesas,12,false
541,Restaurante Desarrollo Trillo S.A.,Chifas,11,true
542,Restaurante Farmaceútica XUHP S.L.N.E,Chifas,4,true
543,Restaurante Tecnologías Bayona S.L.,Comida Ecuatoriana,18,false
544,Restaurante Anselmo Duque Calzada S.L.N.E,Guatita,7,false
545,Restaurante Soluciones Iberia S.A.,Ceviches,5,false
546,Restaurante Transportes Lledó S.C.P,Guatita,4,false
547,Restaurante Instalaciones Roman S.Coop.,Hamburguesas,1,true
548,Restaurante Inversiones Ibérica S.A.T.,Hamburguesas,18,false
549,Restaurante Compañía HQO S.L.,Encebollado,13,true
550,Restaurante Comercial Castañeda S.L.N.E,Ceviches,1,true
551,Restaurante Moya y Benítez S.A.,Ceviches,3,true
552,Restaurante Vergara y Mínguez S.C.P,Hamburguesas,16,false
553,Restaurante Infraestructuras Jordán S.Coop.,Chifas,12,false
554,Restaurante Grupo Viña S.C.P,Guatita,7,false
555,Restaurante Hnos Gascón S.A.,Salchipapas,14,false
556,Restaurante Luna y Barrena S.L.N.E,Pizzeria,17,true
557,Restaurante Hnos Solano S.L.,Hamburguesas,4,true
558,Restaurante Soluciones Lobato S.Com.,Pizzeria,7,true
559,Restaurante Muñoz y Ripoll S.Com.,Ceviches,14,false
560,Restaurante Velázquez y Cisneros S.Com.,Pizzeria,20,false
561,Restaurante Nico Hoyos Gallo S.L.N.E,Hornado,7,true
562,Restaurante Codina y Ferrero S.L.,Hamburguesas,15,false
563,Restaurante Cifuentes y Tomas S.C.P,Shawarma,16,true
564,Restaurante Familia Ribas S.Coop.,Comida Ecuatoriana,5,false
565,Restaurante Banca Privada Avanzadas S.L.,Ceviches,20,true
566,Restaurante Hermanos Chaparro S.A.,Hamburguesas,15,false
567,Restaurante Grupo Guillen S.A.,Chifas,2,false
568,Restaurante Grau & Asociados S.L.,Guatita,9,true
569,Restaurante Logística Castellana S.A.U,Pizzeria,11,true
570,Restaurante Carlos y asociados S.A.T.,Encebollado,19,true
571,Restaurante Alimentación Castellana S.L.N.E,Hamburguesas,8,false
572,Restaurante Carbajo y Figueroa S.C.P,Hornado,5,true
573,Restaurante Supermercados Girón S.L.,Chifas,7,true
574,Restaurante Hermanos Seguí S.Com.,Salchipapas,18,true
575,Restaurante Montenegro & Asociados S.L.N.E,Ceviches,5,false
576,Restaurante Banco Madrid S.L.N.E,Pizzeria,3,false
577,Restaurante Manufacturas Marti & Asociados S.Com.,Comida Ecuatoriana,4,false
578,Restaurante Rivero & Asociados S.Coop.,Ceviches,10,true
579,Restaurante Consultoría Iñiguez S.L.,Encebollado,14,true
580,Restaurante Cipriano Barbero Raya S.L.,Shawarma,12,false
581,Restaurante Aura Ariño Pozuelo S.L.,Comida Ecuatoriana,8,false
582,Restaurante Familia Ledesma S.Com.,Comida Ecuatoriana,2,true
583,Restaurante Infraestructuras Leal & Asociados S.A.,Pizzeria,20,true
584,Restaurante Galan y asociados S.Coop.,Hornado,12,true
585,Restaurante Dueñas y Acedo S.Com.,Hamburguesas,19,true
586,Restaurante Hermanos Lucas S.L.,Pizzeria,11,true
587,Restaurante Joan Sebastián Gilabert S.C.P,Encebollado,3,false
588,Restaurante Manrique & Asociados S.L.,Shawarma,8,false
589,Restaurante Familia Hoz S.A.,Hamburguesas,5,false
590,Restaurante Hermanos Vilanova S.A.U,Comida Ecuatoriana,20,true
591,Restaurante Anunciación Palmer Peñas S.Com.,Salchipapas,16,true
592,Restaurante Hermanos Melero S.L.,Ceviches,10,true
593,Restaurante Suministros Requena S.L.U.,Ceviches,12,true
594,Restaurante Banco KK S.A.,Pizzeria,11,false
595,Restaurante Farmaceútica Carbajo S.Com.,Ceviches,7,false
596,Restaurante Familia Varela S.L.N.E,Ceviches,1,true
597,Restaurante Servicios FCBH S.A.T.,Hornado,20,true
598,Restaurante Hnos Giralt S.Coop.,Shawarma,5,true
599,Restaurante Jaén y Gomis S.L.,Comida Ecuatoriana,4,true
600,Restaurante Grupo Baeza S.C.P,Hornado,1,true
601,Restaurante Leal y Canals S.Coop.,Chifas,8,true
602,Restaurante Encarnacion Arcos Conde S.L.,Comida Ecuatoriana,14,false
603,Restaurante Transportes GSR S.L.,Pizzeria,15,false
604,Restaurante Alimentación Solís S.L.,Hornado,19,false
605,Restaurante Novoa y Colomer S.Coop.,Comida Ecuatoriana,7,false
606,Restaurante Supermercados Torrijos & Asociados S.A.,Shawarma,6,true
607,Restaurante Solé y Escamilla S.A.,Chifas,3,true
608,Restaurante Infraestructuras QQ S.A.T.,Shawarma,9,true
609,Restaurante Grupo Mendoza S.A.,Guatita,8,false
610,Restaurante Grupo Guillén S.A.,Ceviches,5,false
611,Restaurante Sevillano y Benito S.A.T.,Pizzeria,1,true
612,Restaurante Company & Asociados S.Coop.,Guatita,19,true
613,Restaurante Finanzas SG S.Com.,Encebollado,16,false
614,Restaurante Compañía JGTH S.Com.,Encebollado,16,false
615,Restaurante Nogueira y Tovar S.Coop.,Comida Ecuatoriana,11,true
616,Restaurante Infraestructuras ROJL S.L.L.,Comida Ecuatoriana,5,false
617,Restaurante Hotel JX S.A.,Ceviches,14,true
618,Restaurante Restauración Española S.C.P,Shawarma,11,true
619,Restaurante Aramburu y asociados S.L.,Salchipapas,14,true
620,Restaurante Briones y asociados S.L.,Ceviches,19,true
621,Restaurante Sabater & Asociados S.A.,Salchipapas,7,true
622,Restaurante Modesta Andreu Arcos S.Com.,Encebollado,18,false
623,Restaurante Banca Privada Martorell S.L.,Chifas,8,false
624,Restaurante Grupo Franch S.Coop.,Encebollado,13,false
625,Restaurante Manufacturas NCV S.Coop.,Hamburguesas,3,true
626,Restaurante Osorio y Cuenca S.A.U,Hamburguesas,1,false
627,Restaurante Industrias MYYC S.A.,Comida Ecuatoriana,13,false
628,Restaurante Soluciones Alegre S.A.U,Encebollado,5,true
629,Restaurante Restauración Alemán S.A.,Pizzeria,1,false
630,Restaurante Logística Castellana S.A.,Guatita,5,false
631,Restaurante Inmobiliaria IDB S.A.,Salchipapas,3,true
632,Restaurante Minería del Mediterráneo S.L.,Pizzeria,9,true
633,Restaurante Hernán Serna Carrera S.A.,Hamburguesas,12,true
634,Restaurante Supermercados ANRZ S.L.U.,Shawarma,16,false
635,Restaurante Chuy Tomé Segarra S.Coop.,Chifas,8,true
636,Restaurante Clímaco Grau Carbajo S.L.U.,Shawarma,15,true
637,Restaurante Gonzalo y Pol S.Coop.,Ceviches,9,false
638,Restaurante Somoza y Mateos S.L.N.E,Shawarma,11,true
639,Restaurante Inmobiliaria Barco & Asociados S.L.,Shawarma,6,true
640,Restaurante Barroso y Peinado S.L.N.E,Comida Ecuatoriana,20,true
641,Restaurante Restauración Globales S.A.,Chifas,9,true
642,Restaurante Matas y Barriga S.L.N.E,Chifas,15,true
643,Restaurante Alimentación Marín S.Com.,Shawarma,13,true
644,Restaurante Industrias Salas S.L.,Comida Ecuatoriana,1,false
645,Restaurante Industrias AW S.Coop.,Hamburguesas,10,false
646,Restaurante Manufacturas Baeza S.L.,Salchipapas,20,true
647,Restaurante Banco Losa S.L.,Salchipapas,11,true
648,Restaurante Hnos Noriega S.Coop.,Guatita,19,false
649,Restaurante Hermanos Rodríguez S.L.L.,Hamburguesas,7,true
650,Restaurante Esteban & Asociados S.L.,Hamburguesas,3,false
651,Restaurante Farmaceútica OV S.Coop.,Encebollado,12,true
652,Restaurante Farmaceútica UKBU S.Com.,Comida Ecuatoriana,6,false
653,Restaurante Lluch y Gual S.A.,Chifas,9,true
654,Restaurante Alimentación del Mediterráneo S.Com.,Chifas,1,false
655,Restaurante Consultoría Castellana S.Coop.,Chifas,20,true
656,Restaurante Fábrica QXT S.A.,Guatita,11,true
657,Restaurante Graciana Sala Rosa S.Coop.,Shawarma,6,true
658,Restaurante Soluciones Figueras S.A.,Ceviches,14,true
659,Restaurante Familia Álamo S.C.P,Hamburguesas,19,true
660,Restaurante Luisa Pujadas Arranz S.Com.,Hornado,2,true
661,Restaurante Manolo Blasco Acero S.L.,Pizzeria,4,true
662,Restaurante Tecnologías Arrieta & Asociados S.Com.,Pizzeria,8,true
663,Restaurante Instalaciones Integrales S.L.U.,Encebollado,12,true
664,Restaurante Zaragoza y Santamaria S.L.N.E,Guatita,16,true
665,Restaurante Comercial Gómez S.Coop.,Ceviches,18,false
666,Restaurante Inversiones Cerdá & Asociados S.Coop.,Comida Ecuatoriana,8,true
667,Restaurante Inversiones Revilla S.A.U,Ceviches,13,true
668,Restaurante Royo y Agustín S.L.,Salchipapas,1,true
669,Restaurante Farmaceútica NRBJ S.L.,Encebollado,12,false
670,Restaurante Alvarez y Vicens S.L.,Chifas,3,false
671,Restaurante Construcción del Sur S.Com.,Hornado,20,false
672,Restaurante Despacho VZZP S.L.,Ceviches,17,true
673,Restaurante Servicios Iberia S.Com.,Encebollado,13,false
674,Restaurante Inmobiliaria Osuna y asociados S.A.,Shawarma,1,true
675,Restaurante Consultoría Castellana S.Coop.,Ceviches,1,false
676,Restaurante Compañía Beltrán y asociados S.L.,Hamburguesas,14,true
677,Restaurante Industrias Larrea S.L.,Chifas,5,true
678,Restaurante Hotel Fernández & Asociados S.Coop.,Hornado,15,true
679,Restaurante Hnos Pereira S.A.U,Salchipapas,10,false
680,Restaurante Distribuciones del Sur S.L.U.,Ceviches,7,true
681,Restaurante Inmobiliaria Avanzadas S.L.L.,Chifas,1,false
682,Restaurante Infraestructuras Ibéricos S.L.N.E,Hornado,11,false
683,Restaurante Ceferino Solé Planas S.L.N.E,Hamburguesas,14,false
684,Restaurante Hnos Palomar S.A.,Hornado,1,false
685,Restaurante Hnos Gelabert S.A.T.,Hamburguesas,11,true
686,Restaurante Nazaret Melero Galán S.L.L.,Comida Ecuatoriana,13,true
687,Restaurante Natanael Cases Fabregat S.Com.,Comida Ecuatoriana,6,true
688,Restaurante Linares y asociados S.Com.,Salchipapas,14,true
689,Restaurante Farmaceútica NQVN S.A.,Comida Ecuatoriana,5,false
690,Restaurante Consuela Benavent Mosquera S.L.L.,Encebollado,16,true
691,Restaurante Briones y asociados S.L.N.E,Encebollado,20,false
692,Restaurante Supermercados Globales S.A.,Pizzeria,13,false
693,Restaurante Arrieta y Nevado S.A.,Guatita,20,false
694,Restaurante Jose Miguel Mayol Lucena S.Com.,Salchipapas,10,false
695,Restaurante Rico Cabañas Recio S.L.,Salchipapas,2,false
696,Restaurante Mancebo y asociados S.Com.,Hornado,12,true
697,Restaurante Farmaceútica VDW S.Coop.,Ceviches,8,false
698,Restaurante Distribuciones UEV S.Coop.,Salchipapas,14,true
699,Restaurante Aroca y asociados S.A.U,Encebollado,14,false
700,Restaurante Manufacturas Avanzadas S.Coop.,Guatita,12,false
701,Restaurante Servicios Cuervo y asociados S.L.N.E,Shawarma,1,false
702,Restaurante Supermercados del Noroeste S.A.,Hamburguesas,16,true
703,Restaurante Marta Batlle Olivares S.Com.,Chifas,7,true
704,Restaurante Cal y Carro S.Com.,Ceviches,6,false
705,Restaurante Banca Privada Ibéricos S.A.T.,Encebollado,16,true
706,Restaurante Familia Tolosa S.Coop.,Encebollado,10,true
707,Restaurante Elisabet Torrijos Solsona S.Coop.,Salchipapas,13,false
708,Restaurante Hnos Asenjo S.L.,Salchipapas,11,true
709,Restaurante Hnos Roselló S.A.,Hamburguesas,1,false
710,Restaurante Instalaciones del Norte S.Coop.,Comida Ecuatoriana,6,false
711,Restaurante Gimenez y asociados S.Com.,Salchipapas,18,false
712,Restaurante Nadia Arcos Dueñas S.C.P,Shawarma,14,false
713,Restaurante Vives y asociados S.L.,Hamburguesas,15,false
714,Restaurante Inversiones WREO S.L.L.,Ceviches,17,false
715,Restaurante Marín & Asociados S.L.,Shawarma,17,false
716,Restaurante Bilbao y asociados S.L.,Chifas,18,false
717,Restaurante Tere Guerra Sales S.Com.,Salchipapas,16,true
718,Restaurante Ignacia Sanz Garzón S.L.L.,Shawarma,14,false
719,Restaurante Morales & Asociados S.A.,Shawarma,10,false
720,Restaurante Farmaceútica QFRU S.A.,Encebollado,13,true
721,Restaurante Farmaceútica del Sur S.Com.,Chifas,12,false
722,Restaurante Hotel del Sur S.L.L.,Comida Ecuatoriana,20,true
723,Restaurante Infraestructuras Izaguirre S.L.N.E,Encebollado,14,false
724,Restaurante Gilabert y asociados S.Com.,Encebollado,3,true
725,Restaurante Finanzas Verdejo & Asociados S.Coop.,Shawarma,11,true
726,Restaurante Grupo Villegas S.A.,Hamburguesas,7,false
727,Restaurante Tamara Arias Barberá S.L.L.,Ceviches,16,false
728,Restaurante Desarrollo Globales S.Com.,Comida Ecuatoriana,16,false
729,Restaurante Farmaceútica Integrales S.A.,Ceviches,17,false
730,Restaurante Fábrica Román y asociados S.L.,Hamburguesas,7,false
731,Restaurante Comercializadora Integrales S.Com.,Guatita,2,false
732,Restaurante Rosselló y Barroso S.L.,Hamburguesas,1,false
733,Restaurante Eleuterio Benitez Bayo S.Coop.,Hamburguesas,7,false
734,Restaurante Talleres Carrasco S.L.N.E,Encebollado,3,true
735,Restaurante Comercial NJTC S.Com.,Pizzeria,8,false
736,Restaurante Vázquez y asociados S.C.P,Shawarma,11,true
737,Restaurante Bernal & Asociados S.L.,Shawarma,4,false
738,Restaurante Minería del Noroeste S.Com.,Salchipapas,18,false
739,Restaurante Rosenda Palau Coello S.Coop.,Shawarma,13,true
740,Restaurante Banca Privada Avanzadas S.Com.,Hamburguesas,18,false
741,Restaurante Alarcón y Martorell S.L.N.E,Guatita,14,false
742,Restaurante Hnos Nuñez S.L.N.E,Salchipapas,7,false
743,Restaurante Pastora Ureña Benavente S.A.,Salchipapas,19,false
744,Restaurante Hotel KPK S.Com.,Salchipapas,16,false
745,Restaurante Cruz Garzón Blasco S.Coop.,Hamburguesas,6,false
746,Restaurante Costa y Amaya S.A.,Hornado,8,false
747,Restaurante Hermanos González S.L.U.,Ceviches,8,false
748,Restaurante Rodriguez y Folch S.A.,Ceviches,2,true
749,Restaurante Familia Roda S.L.,Hamburguesas,3,false
750,Restaurante Infraestructuras Castro & Asociados S.Com.,Hornado,3,false
751,Restaurante Hnos Izaguirre S.L.U.,Comida Ecuatoriana,15,false
752,Restaurante Arenas y Estévez S.Coop.,Hornado,19,false
753,Restaurante Carrasco y asociados S.A.,Shawarma,2,false
754,Restaurante Compañía Roma S.L.,Comida Ecuatoriana,13,false
755,Restaurante Despacho Bellido y asociados S.Coop.,Comida Ecuatoriana,11,false
756,Restaurante Victor Manuel Cepeda Becerra S.L.N.E,Salchipapas,9,true
757,Restaurante Agullo & Asociados S.Coop.,Hornado,14,false
758,Restaurante Transportes Miralles y asociados S.Coop.,Shawarma,3,false
759,Restaurante Desarrollo PG S.A.,Ceviches,20,true
760,Restaurante Consultoría del Mediterráneo S.L.,Ceviches,19,true
761,Restaurante Araceli Bou Sevilla S.L.N.E,Hornado,1,true
762,Restaurante Consultoría Pedro S.Com.,Comida Ecuatoriana,2,true
763,Restaurante Restauración OMW S.A.,Shawarma,9,false
764,Restaurante Morera y Canet S.Coop.,Comida Ecuatoriana,3,true
765,Restaurante Talleres Monreal S.C.P,Shawarma,12,true
766,Restaurante Albina Ferrero Puente S.A.,Guatita,17,true
767,Restaurante Grupo Luján S.A.,Chifas,2,true
768,Restaurante Valero & Asociados S.A.,Hornado,18,false
769,Restaurante Familia Viana S.L.,Salchipapas,4,true
770,Restaurante Grupo Gomis S.A.,Hornado,2,false
771,Restaurante Desarrollo Cañas & Asociados S.Coop.,Hamburguesas,5,false
772,Restaurante Fábrica Ibéricos S.Coop.,Comida Ecuatoriana,20,false
773,Restaurante Desarrollo Ponce S.A.,Pizzeria,7,true
774,Restaurante Gutierrez & Asociados S.L.,Shawarma,19,true
775,Restaurante Compañía Agustín S.Com.,Ceviches,1,true
776,Restaurante Farmaceútica Ibérica S.Com.,Salchipapas,17,true
777,Restaurante Distribuciones HYGU S.Coop.,Encebollado,17,false
778,Restaurante Font y asociados S.Coop.,Hornado,16,false
779,Restaurante Minería Caballero & Asociados S.Com.,Chifas,3,false
780,Restaurante Ramis y Cordero S.A.,Chifas,18,true
781,Restaurante Familia Carvajal S.A.,Encebollado,13,false
782,Restaurante Rocamora y asociados S.Coop.,Ceviches,13,false
783,Restaurante Soluciones Vidal S.Com.,Shawarma,19,true
784,Restaurante Transportes Hervás & Asociados S.L.,Pizzeria,13,true
785,Restaurante Jose Luis Villaverde Estévez S.A.,Guatita,18,false
786,Restaurante Jonatan Giralt Agullo S.C.P,Guatita,9,false
787,Restaurante Girón y Sola S.Coop.,Pizzeria,12,true
788,Restaurante Logística XDDM S.A.,Encebollado,14,true
789,Restaurante Badía y Canet S.A.T.,Hornado,2,false
790,Restaurante Estevez y asociados S.Com.,Guatita,12,false
791,Restaurante Instalaciones Castañeda S.A.,Hornado,17,false
792,Restaurante Carro y Salmerón S.L.,Encebollado,16,false
793,Restaurante Compañía LDK S.A.,Comida Ecuatoriana,17,false
794,Restaurante Armas & Asociados S.A.,Hornado,9,true
795,Restaurante Oliveras & Asociados S.A.U,Guatita,5,false
796,Restaurante Segura y asociados S.A.,Salchipapas,4,true
797,Restaurante Farmaceútica Montesinos y asociados S.A.,Ceviches,17,false
798,Restaurante Construcción FEE S.L.L.,Chifas,3,true
799,Restaurante Asdrubal Pintor Ferrández S.C.P,Ceviches,1,true
800,Restaurante Reina y Adán S.Coop.,Guatita,19,false
801,Restaurante Talleres Jordá & Asociados S.L.N.E,Guatita,10,false
802,Restaurante Grupo Posada S.L.,Chifas,4,true
803,Restaurante Grupo Garay S.A.U,Guatita,20,false
804,Restaurante Manufacturas Ibérica S.Com.,Chifas,4,false
805,Restaurante Soluciones Globales S.A.,Salchipapas,5,true
806,Restaurante Hermanos Tudela S.A.,Encebollado,6,false
807,Restaurante Banco Española S.Coop.,Comida Ecuatoriana,6,true
808,Restaurante Molina & Asociados S.Coop.,Salchipapas,5,false
809,Restaurante Acedo y Manuel S.L.,Encebollado,19,false
810,Restaurante Morcillo y Sobrino S.L.N.E,Encebollado,1,false
811,Restaurante Inmobiliaria Españolas S.Com.,Pizzeria,9,true
812,Restaurante Hnos Roman S.C.P,Chifas,6,false
813,Restaurante Finanzas OCRO S.Com.,Pizzeria,13,false
814,Restaurante Candelario Arellano Pagès S.L.L.,Encebollado,7,true
815,Restaurante Agullo y Pascual S.C.P,Comida Ecuatoriana,3,false
816,Restaurante Promociones Española S.L.,Salchipapas,1,true
817,Restaurante Minería WKJV S.L.,Salchipapas,17,true
818,Restaurante Grupo Fortuny S.L.N.E,Shawarma,11,false
819,Restaurante Consultoría JR S.L.L.,Chifas,15,true
820,Restaurante Peñalver y asociados S.A.,Hornado,7,true
821,Restaurante Múgica & Asociados S.L.N.E,Pizzeria,12,true
822,Restaurante Heredia & Asociados S.A.,Hamburguesas,17,false
823,Restaurante Hotel Porta S.Coop.,Shawarma,8,true
824,Restaurante Hnos Quintero S.Coop.,Ceviches,10,false
825,Restaurante Supermercados Torre S.A.,Salchipapas,20,true
826,Restaurante Tecnologías Arellano S.A.,Pizzeria,16,true
827,Restaurante Paniagua y asociados S.L.N.E,Shawarma,13,true
828,Restaurante Construcción Roman y asociados S.Coop.,Ceviches,7,true
829,Restaurante Manolo Falcó Posada S.Com.,Chifas,19,false
830,Restaurante Bermudez y asociados S.L.N.E,Hamburguesas,5,false
831,Restaurante Rius y Huguet S.L.L.,Encebollado,3,true
832,Restaurante Hotel Vizcaíno S.C.P,Shawarma,7,false
833,Restaurante Grupo Losada S.Coop.,Hornado,5,false
834,Restaurante Despacho Globales S.L.N.E,Shawarma,5,true
835,Restaurante Hermanos Vizcaíno S.L.,Salchipapas,19,false
836,Restaurante Servicios FYQ S.L.,Hornado,14,true
837,Restaurante Hermanos Duque S.L.,Guatita,19,false
838,Restaurante Promociones Ibérica S.A.,Pizzeria,9,true
839,Restaurante Suministros Benitez S.L.,Guatita,15,false
840,Restaurante Familia Goicoechea S.C.P,Chifas,19,false
841,Restaurante Manuel & Asociados S.A.T.,Guatita,8,false
842,Restaurante Manufacturas Jurado S.Coop.,Ceviches,15,false
843,Restaurante Escolano y asociados S.Coop.,Encebollado,2,false
844,Restaurante Comercial Exposito S.L.N.E,Shawarma,6,false
845,Restaurante Hermanos Izaguirre S.Coop.,Hamburguesas,10,true
846,Restaurante Lago & Asociados S.Coop.,Chifas,16,true
847,Restaurante Fábrica del Noroeste S.Coop.,Comida Ecuatoriana,5,true
848,Restaurante Instalaciones Trujillo S.L.N.E,Ceviches,3,true
849,Restaurante Grupo Reguera S.Coop.,Salchipapas,15,true
850,Restaurante Farmaceútica Galván & Asociados S.A.,Hamburguesas,3,true
851,Restaurante Soluciones KVR S.Com.,Chifas,4,false
852,Restaurante Miró & Asociados S.L.L.,Ceviches,4,true
853,Restaurante Soluciones UD S.Coop.,Guatita,2,true
854,Restaurante Inmobiliaria Amorós & Asociados S.L.N.E,Comida Ecuatoriana,19,true
855,Restaurante Inversiones RQ S.A.,Comida Ecuatoriana,1,true
856,Restaurante Hnos Sainz S.L.,Hornado,8,false
857,Restaurante Instalaciones Española S.Com.,Ceviches,20,false
858,Restaurante Juan Bautista Farré Ros S.Com.,Chifas,13,false
859,Restaurante Clímaco Sabater Campos S.A.T.,Salchipapas,20,true
860,Restaurante Ascensión Briones Francisco S.Com.,Encebollado,16,false
861,Restaurante Familia Pareja S.Com.,Salchipapas,3,true
862,Restaurante Banca Privada Internacionales S.A.U,Comida Ecuatoriana,11,true
863,Restaurante Ibañez y asociados S.A.,Ceviches,3,true
864,Restaurante Infraestructuras Sosa y asociados S.L.U.,Chifas,7,true
865,Restaurante Banco Española S.L.U.,Guatita,2,false
866,Restaurante Hermanos Alegria S.A.,Shawarma,19,false
867,Restaurante Hnos Nieto S.A.,Ceviches,7,true
868,Restaurante Cayetana Heredia Expósito S.L.,Ceviches,6,false
869,Restaurante Hnos Viana S.Com.,Ceviches,19,false
870,Restaurante Vizcaíno y Hernando S.Com.,Encebollado,14,true
871,Restaurante Patricio Francisco Bru S.L.,Guatita,2,true
872,Restaurante Infraestructuras Villaverde & Asociados S.Coop.,Ceviches,19,true
873,Restaurante Infraestructuras ATXC S.L.,Comida Ecuatoriana,20,false
874,Restaurante Garrido y asociados S.A.,Comida Ecuatoriana,1,false
875,Restaurante Menendez y asociados S.L.,Chifas,11,false
876,Restaurante Camila Zamora Amaya S.L.N.E,Guatita,5,false
877,Restaurante Borja Diéguez Castell S.Coop.,Encebollado,2,true
878,Restaurante Instalaciones del Noroeste S.A.,Encebollado,9,true
879,Restaurante Familia Casado S.L.,Guatita,1,true
880,Restaurante Soluciones Española S.Com.,Chifas,15,false
881,Restaurante Carolina Benavent Montaña S.Com.,Comida Ecuatoriana,14,false
882,Restaurante Ballesteros y asociados S.Coop.,Ceviches,13,true
883,Restaurante Almeida y asociados S.A.,Hamburguesas,19,true
884,Restaurante Torres y Carreras S.A.U,Chifas,18,false
885,Restaurante Servicios OND S.L.N.E,Comida Ecuatoriana,7,true
886,Restaurante Comercializadora Casas S.Coop.,Encebollado,2,true
887,Restaurante Soluciones Araujo S.A.,Hamburguesas,10,false
888,Restaurante Tecnologías Bonet y asociados S.A.,Comida Ecuatoriana,7,false
889,Restaurante Familia Morell S.A.,Encebollado,17,false
890,Restaurante Ripoll y Manjón S.A.,Comida Ecuatoriana,6,true
891,Restaurante Oliver y Pintor S.Com.,Salchipapas,20,true
892,Restaurante Farmaceútica Bello S.C.P,Shawarma,19,true
893,Restaurante Morata y Pineda S.Coop.,Pizzeria,15,false
894,Restaurante Martínez & Asociados S.C.P,Comida Ecuatoriana,10,false
895,Restaurante Isabela Cabeza Barragán S.A.,Salchipapas,11,false
896,Restaurante Fábrica Bertrán & Asociados S.L.,Pizzeria,19,true
897,Restaurante Farmaceútica Figuerola S.L.,Pizzeria,9,true
898,Restaurante Sevillano & Asociados S.A.,Pizzeria,17,true
899,Restaurante Despacho del Levante S.Coop.,Guatita,3,false
900,Restaurante Hermanos Villaverde S.L.,Hornado,19,true
901,Restaurante Manufacturas Valentín S.Coop.,Guatita,9,true
902,Restaurante Servicios Jordá S.A.,Comida Ecuatoriana,6,true
903,Restaurante Ferrera y Posada S.Com.,Guatita,17,true
904,Restaurante Fábrica Alba y asociados S.L.N.E,Salchipapas,3,true
905,Restaurante Compañía Chacón S.Com.,Shawarma,3,false
906,Restaurante Rivera y asociados S.Com.,Salchipapas,2,false
907,Restaurante Hermanos Marqués S.L.,Hornado,20,true
908,Restaurante Transportes Ruiz & Asociados S.Coop.,Guatita,19,false
909,Restaurante Industrias Escribano S.L.,Pizzeria,20,true
910,Restaurante Salmerón & Asociados S.L.N.E,Encebollado,9,true
911,Restaurante Consultoría Galan S.Coop.,Comida Ecuatoriana,13,true
912,Restaurante Falcón & Asociados S.Coop.,Pizzeria,3,false
913,Restaurante Logística Gual y asociados S.L.U.,Comida Ecuatoriana,5,false
914,Restaurante Consultoría Diego y asociados S.L.L.,Hornado,12,false
915,Restaurante Haro & Asociados S.Coop.,Pizzeria,14,true
916,Restaurante Farmaceútica Herrero S.C.P,Encebollado,5,true
917,Restaurante Mármol & Asociados S.L.,Ceviches,16,false
918,Restaurante Finanzas Iberia S.Coop.,Pizzeria,15,false
919,Restaurante Alimentación TMIF S.L.,Hornado,14,false
920,Restaurante Alimentación Ibéricos S.L.N.E,Hamburguesas,4,false
921,Restaurante Soluciones Delgado S.A.,Guatita,14,true
922,Restaurante Finanzas Inteligentes S.A.T.,Encebollado,8,false
923,Restaurante Familia Leiva S.Com.,Ceviches,17,false
924,Restaurante Bermudez y Jimenez S.Coop.,Salchipapas,4,false
925,Restaurante Salas y Arnal S.Com.,Chifas,16,true
926,Restaurante Hnos Molina S.Com.,Comida Ecuatoriana,20,true
927,Restaurante Banco Agustí S.Coop.,Guatita,18,true
928,Restaurante Gallo & Asociados S.A.,Shawarma,11,true
929,Restaurante Sainz y asociados S.C.P,Chifas,10,true
930,Restaurante Bellido y Viña S.Coop.,Salchipapas,19,true
931,Restaurante Cortes y Grau S.L.,Comida Ecuatoriana,2,true
932,Restaurante Giner y asociados S.A.,Pizzeria,9,false
933,Restaurante Jove y Porcel S.A.,Shawarma,8,true
934,Restaurante Raimundo Barroso Cardona S.L.L.,Guatita,20,false
935,Restaurante Yolanda Carreño Lillo S.A.,Comida Ecuatoriana,6,true
936,Restaurante Infraestructuras Murcia S.A.T.,Salchipapas,20,true
937,Restaurante Bertrán & Asociados S.A.,Ceviches,16,true
938,Restaurante Moraleda & Asociados S.Coop.,Pizzeria,16,false
939,Restaurante Sobrino & Asociados S.L.N.E,Pizzeria,7,true
940,Restaurante Finanzas Bellido & Asociados S.Com.,Guatita,6,true
941,Restaurante Finanzas Varela S.A.T.,Encebollado,2,false
942,Restaurante Compañía UEN S.A.,Hornado,13,true
943,Restaurante Inmobiliaria Alcaraz & Asociados S.L.,Guatita,14,false
944,Restaurante Instalaciones Inteligentes S.Com.,Shawarma,9,true
945,Restaurante Florentina Arellano Escalona S.L.,Ceviches,19,false
946,Restaurante Infraestructuras Pazos S.L.U.,Ceviches,16,true
947,Restaurante Colom y asociados S.L.,Salchipapas,1,false
948,Restaurante Finanzas Mayo y asociados S.A.,Chifas,16,true
949,Restaurante Finanzas HJ S.L.N.E,Hornado,4,true
950,Restaurante Inmobiliaria TFX S.L.N.E,Pizzeria,20,true
951,Restaurante Logística Corral S.L.N.E,Hornado,2,true
952,Restaurante Suministros Vargas S.L.N.E,Hornado,18,true
953,Restaurante Solé y asociados S.A.,Encebollado,19,false
954,Restaurante Teófila Lozano Redondo S.Com.,Guatita,17,true
955,Restaurante Hermanos Muñoz S.L.,Encebollado,16,false
956,Restaurante Logística Sáez y asociados S.A.,Encebollado,11,false
957,Restaurante Carmona y asociados S.L.,Hornado,16,true
958,Restaurante Gomez y Gibert S.L.,Salchipapas,18,true
959,Restaurante Grupo Reig S.L.,Ceviches,1,true
960,Restaurante Grupo Zaragoza S.L.N.E,Pizzeria,17,true
961,Restaurante Purificación Otero Valera S.Coop.,Salchipapas,11,false
962,Restaurante Miró y Castañeda S.A.,Pizzeria,3,false
963,Restaurante Gerónimo Borrell Aragonés S.Coop.,Shawarma,6,true
964,Restaurante Farmaceútica Mateu & Asociados S.C.P,Pizzeria,8,false
965,Restaurante Castillo y Gargallo S.Com.,Hornado,13,false
966,Restaurante Pina & Asociados S.L.,Guatita,16,true
967,Restaurante Industrias Cal S.A.,Comida Ecuatoriana,12,false
968,Restaurante Talleres Inteligentes S.Com.,Salchipapas,5,false
969,Restaurante Banco OZ S.L.,Shawarma,11,true
970,Restaurante Gelabert y Colom S.Com.,Salchipapas,6,false
971,Restaurante Hotel del Levante S.L.N.E,Shawarma,18,false
972,Restaurante Banca Privada del Mediterráneo S.Coop.,Guatita,20,true
973,Restaurante Industrias IF S.C.P,Hamburguesas,18,false
974,Restaurante Finanzas Porcel y asociados S.A.T.,Encebollado,3,false
975,Restaurante Comercial YNLF S.A.,Ceviches,17,false
976,Restaurante Jaén & Asociados S.A.,Shawarma,13,false
977,Restaurante Donoso y Torre S.A.T.,Encebollado,6,true
978,Restaurante Mena y Benito S.A.,Guatita,15,true
979,Restaurante Promociones Núñez S.C.P,Shawarma,6,true
980,Restaurante Grupo Ferrándiz S.A.U,Salchipapas,7,true
981,Restaurante Farmaceútica WFBM S.A.,Guatita,2,true
982,Restaurante Restauración Vargas y asociados S.Com.,Chifas,6,true
983,Restaurante Hermanos Luz S.A.D,Pizzeria,18,false
984,Restaurante Distribuciones Corominas & Asociados S.Com.,Hamburguesas,3,false
985,Restaurante Borja Mesa Zaragoza S.L.,Salchipapas,18,true
986,Restaurante Fito Vélez Peral S.A.,Salchipapas,20,false
987,Restaurante Hnos Uría S.A.D,Shawarma,6,true
988,Restaurante Chico y Rivero S.Com.,Hornado,18,true
989,Restaurante Fábrica Integrales S.C.P,Encebollado,17,true
990,Restaurante Valencia y Barco S.L.,Hornado,20,true
991,Restaurante Bernardita Prieto Campo S.Coop.,Chifas,12,true
992,Restaurante Comercializadora Muro y asociados S.L.,Shawarma,2,true
993,Restaurante Construcción IU S.Coop.,Ceviches,19,false
994,Restaurante Amaya y asociados S.L.,Shawarma,5,false
995,Restaurante Hnos Bernal S.A.,Ceviches,5,false
996,Restaurante Crescencia Catalá Robledo S.Coop.,Chifas,9,false
997,Restaurante Compañía Requena S.L.N.E,Encebollado,5,false
998,Restaurante Martina Nogués Mayo S.L.,Comida Ecuatoriana,12,true
999,Restaurante Manufacturas Ibéricos S.L.,Encebollado,14,false
1000,Restaurante Suministros Esteban S.Com.,Shawarma,11,false
